Time,angle,PWM Volt
1.225,-37.6,0.012
1.227,-37.598,0
1.23,-37.597,0
1.232,-37.598,0.012
1.234,-37.596,0
1.237,-37.594,0
1.239,-37.593,0
1.241,-37.59,0.012
1.244,-37.588,0
1.246,-37.588,0
1.249,-37.585,0
1.251,-37.585,0
1.253,-37.582,0
1.256,-37.581,0
1.258,-37.581,0.012
1.261,-37.581,0.023
1.263,-37.581,0.035
1.265,-37.579,0.047
1.268,-37.579,0.07
1.27,-37.576,0.094
1.273,-37.576,0.106
1.275,-37.574,0.117
1.277,-37.573,0.141
1.28,-37.569,0.152
1.282,-37.566,0.164
1.285,-37.565,0.176
1.287,-37.563,0.188
1.289,-37.561,0.199
1.292,-37.557,0.211
1.294,-37.554,0.211
1.296,-37.55,0.223
1.299,-37.547,0.235
1.301,-37.543,0.246
1.311,-37.606,0.293
1.313,-37.601,0.317
1.315,-37.598,0.328
1.318,-37.592,0.352
1.32,-37.586,0.364
1.323,-37.58,0.387
1.325,-37.575,0.411
1.327,-37.57,0.434
1.33,-37.565,0.446
1.332,-37.563,0.469
1.335,-37.559,0.469
1.337,-37.553,0.516
1.339,-37.548,0.551
1.342,-37.546,0.551
1.344,-37.541,0.575
1.347,-37.543,0.598
1.349,-37.538,0.587
1.351,-37.536,0.61
1.354,-37.536,0.645
1.356,-37.534,0.645
1.359,-37.535,0.669
1.361,-37.538,0.645
1.363,-37.538,0.657
1.366,-37.539,0.692
1.368,-37.532,0.692
1.371,-37.527,0.692
1.373,-37.523,0.692
1.375,-37.521,0.68
1.378,-37.512,0.68
1.38,-37.503,0.704
1.383,-37.496,0.716
1.385,-37.492,0.716
1.387,-37.488,0.751
1.39,-37.481,0.739
1.392,-37.48,0.739
1.394,-37.477,0.727
1.397,-37.47,0.739
1.399,-37.466,0.739
1.402,-37.463,0.774
1.411,-37.513,0.774
1.413,-37.512,0.774
1.416,-37.507,0.809
1.418,-37.491,0.786
1.421,-37.49,0.786
1.423,-37.478,0.798
1.426,-37.475,0.798
1.428,-37.464,0.833
1.43,-37.461,0.821
1.433,-37.451,0.798
1.435,-37.446,0.798
1.437,-37.437,0.798
1.44,-37.428,0.798
1.442,-37.415,0.798
1.445,-37.4,0.833
1.447,-37.394,0.821
1.449,-37.375,0.833
1.452,-37.365,0.821
1.454,-37.36,0.845
1.457,-37.349,0.868
1.459,-37.34,0.88
1.461,-37.338,0.856
1.464,-37.344,0.845
1.466,-37.346,0.856
1.468,-37.346,0.868
1.471,-37.353,0.868
1.473,-37.347,0.903
1.476,-37.329,0.88
1.478,-37.32,0.891
1.48,-37.311,0.903
1.483,-37.303,0.903
1.485,-37.3,0.903
1.488,-37.297,0.927
1.49,-37.291,0.927
1.492,-37.288,0.927
1.495,-37.285,0.903
1.497,-37.272,0.927
1.5,-37.261,0.903
1.502,-37.249,0.903
1.511,-37.281,0.927
1.514,-37.278,0.962
1.516,-37.269,0.962
1.519,-37.259,0.95
1.521,-37.248,0.938
1.523,-37.239,0.974
1.526,-37.234,0.974
1.528,-37.217,0.974
1.531,-37.223,0.974
1.533,-37.22,0.962
1.535,-37.22,0.997
1.538,-37.21,0.985
1.54,-37.214,0.997
1.542,-37.217,0.997
1.545,-37.214,1.009
1.547,-37.197,1.044
1.55,-37.192,1.021
1.552,-37.191,1.044
1.554,-37.178,1.044
1.557,-37.153,1.032
1.559,-37.144,1.044
1.562,-37.138,1.044
1.564,-37.123,1.056
1.566,-37.103,1.056
1.569,-37.109,1.079
1.571,-37.113,1.056
1.574,-37.125,1.091
1.576,-37.107,1.067
1.578,-37.086,1.091
1.581,-37.074,1.079
1.583,-37.074,1.079
1.586,-37.057,1.126
1.588,-37.037,1.126
1.59,-37.034,1.126
1.593,-37.025,1.103
1.595,-37.033,1.103
1.598,-37.011,1.126
1.6,-36.992,1.138
1.609,-36.995,1.138
1.612,-36.952,1.15
1.614,-36.903,1.15
1.617,-36.88,1.15
1.619,-36.875,1.173
1.621,-36.9,1.161
1.624,-36.887,1.161
1.626,-36.871,1.15
1.628,-36.832,1.138
1.631,-36.816,1.185
1.633,-36.834,1.185
1.636,-36.884,1.161
1.638,-36.893,1.185
1.64,-36.886,1.173
1.643,-36.872,1.15
1.645,-36.868,1.161
1.648,-36.878,1.185
1.65,-36.899,1.173
1.652,-36.938,1.173
1.655,-36.932,1.173
1.657,-36.909,1.173
1.66,-36.868,1.185
1.662,-36.85,1.208
1.664,-36.856,1.208
1.667,-36.869,1.173
1.669,-36.9,1.208
1.672,-36.887,1.185
1.674,-36.846,1.185
1.676,-36.798,1.196
1.679,-36.762,1.185
1.681,-36.755,1.22
1.684,-36.776,1.232
1.686,-36.827,1.232
1.688,-36.851,1.22
1.691,-36.841,1.22
1.693,-36.82,1.22
1.696,-36.766,1.255
1.698,-36.736,1.255
1.7,-36.737,1.243
1.71,-36.749,1.267
1.712,-36.72,1.243
1.714,-36.656,1.279
1.717,-36.618,1.267
1.719,-36.619,1.255
1.722,-36.655,1.243
1.724,-36.692,1.267
1.726,-36.747,1.279
1.729,-36.75,1.302
1.731,-36.719,1.302
1.734,-36.693,1.267
1.736,-36.636,1.267
1.738,-36.587,1.279
1.741,-36.586,1.302
1.743,-36.625,1.302
1.746,-36.676,1.29
1.748,-36.754,1.29
1.75,-36.817,1.302
1.753,-36.811,1.29
1.755,-36.77,1.337
1.758,-36.717,1.326
1.76,-36.656,1.337
1.762,-36.575,1.326
1.765,-36.535,1.349
1.767,-36.548,1.314
1.769,-36.604,1.349
1.772,-36.66,1.372
1.774,-36.746,1.337
1.777,-36.858,1.372
1.779,-36.916,1.337
1.781,-36.907,1.372
1.784,-36.861,1.396
1.786,-36.785,1.384
1.789,-36.729,1.361
1.791,-36.634,1.372
1.793,-36.536,1.361
1.796,-36.486,1.396
1.798,-36.501,1.396
1.801,-36.565,1.384
1.81,-36.694,1.384
1.813,-36.839,1.396
1.815,-36.973,1.372
1.818,-37.02,1.419
1.82,-36.992,1.419
1.822,-36.925,1.408
1.825,-36.845,1.408
1.827,-36.773,1.408
1.829,-36.711,1.431
1.832,-36.629,1.431
1.834,-36.524,1.419
1.837,-36.435,1.419
1.839,-36.403,1.419
1.842,-36.444,1.419
1.844,-36.542,1.419
1.846,-36.678,1.443
1.849,-36.833,1.431
1.851,-36.961,1.443
1.853,-37.057,1.443
1.856,-37.152,1.431
1.858,-37.275,1.466
1.861,-37.403,1.478
1.863,-37.473,1.466
1.865,-37.45,1.455
1.868,-37.351,1.455
1.87,-37.206,1.455
1.873,-37.041,1.455
1.875,-36.864,1.455
1.878,-36.674,1.466
1.88,-36.48,1.466
1.882,-36.299,1.478
1.885,-36.158,1.466
1.887,-36.051,1.466
1.889,-35.942,1.49
1.892,-35.822,1.49
1.894,-35.7,1.478
1.897,-35.591,1.466
1.899,-35.502,1.466
1.901,-35.422,1.455
1.911,-35.462,1.455
1.913,-35.57,1.466
1.916,-35.733,1.501
1.918,-35.922,1.455
1.921,-36.118,1.478
1.923,-36.314,1.466
1.925,-36.492,1.466
1.928,-36.621,1.478
1.93,-36.684,1.478
1.932,-36.694,1.466
1.935,-36.698,1.455
1.937,-36.725,1.455
1.94,-36.793,1.455
1.942,-36.886,1.501
1.944,-36.957,1.501
1.947,-36.966,1.466
1.949,-36.899,1.478
1.952,-36.768,1.478
1.954,-36.591,1.466
1.956,-36.381,1.501
1.959,-36.158,1.501
1.961,-35.929,1.478
1.964,-35.698,1.466
1.966,-35.47,1.478
1.968,-35.245,1.513
1.971,-35.026,1.501
1.973,-34.821,1.501
1.975,-34.611,1.49
1.978,-34.405,1.478
1.98,-34.205,1.478
1.983,-34.059,1.501
1.985,-33.928,1.501
1.987,-33.824,1.501
1.99,-33.752,1.49
1.992,-33.745,1.49
1.995,-33.767,1.478
1.997,-33.766,1.478
1.999,-33.806,1.501
2.002,-33.862,1.49
2.011,-33.892,1.478
2.014,-33.955,1.501
2.016,-34.035,1.478
2.019,-34.11,1.478
2.021,-34.184,1.513
2.023,-34.255,1.513
2.026,-34.324,1.501
2.028,-34.378,1.49
2.031,-34.42,1.49
2.033,-34.45,1.478
2.035,-34.505,1.501
2.038,-34.556,1.513
2.04,-34.615,1.513
2.042,-34.665,1.49
2.045,-34.711,1.49
2.047,-34.75,1.49
2.05,-34.795,1.478
2.052,-34.833,1.513
2.055,-34.871,1.513
2.057,-34.891,1.501
2.059,-34.899,1.501
2.062,-34.913,1.537
2.064,-34.938,1.478
2.066,-34.963,1.537
2.069,-34.98,1.501
2.071,-35.003,1.513
2.074,-35.024,1.49
2.076,-35.041,1.49
2.078,-35.048,1.49
2.081,-35.031,1.537
2.083,-35.006,1.537
2.086,-34.961,1.513
2.088,-34.909,1.49
2.09,-34.85,1.501
2.093,-34.815,1.537
2.095,-34.763,1.537
2.098,-34.71,1.537
2.1,-34.665,1.513
2.109,-34.64,1.525
2.112,-34.613,1.525
2.114,-34.59,1.513
2.117,-34.569,1.501
2.119,-34.551,1.537
2.121,-34.533,1.537
2.124,-34.508,1.537
2.126,-34.487,1.525
2.129,-34.464,1.513
2.131,-34.42,1.525
2.134,-34.358,1.537
2.136,-34.271,1.537
2.138,-34.157,1.513
2.141,-34.029,1.525
2.143,-33.872,1.525
2.145,-33.687,1.537
2.148,-33.481,1.525
2.15,-33.265,1.513
2.153,-33.039,1.513
2.155,-32.813,1.537
2.157,-32.602,1.537
2.16,-32.387,1.525
2.162,-32.176,1.537
2.165,-31.958,1.525
2.167,-31.723,1.525
2.169,-31.478,1.501
2.172,-31.224,1.537
2.174,-30.968,1.525
2.177,-30.715,1.525
2.179,-30.475,1.537
2.181,-30.253,1.525
2.184,-30.046,1.537
2.186,-29.861,1.537
2.188,-29.701,1.537
2.191,-29.57,1.537
2.193,-29.461,1.525
2.196,-29.423,1.513
2.198,-29.398,1.548
2.2,-29.45,1.537
2.21,-29.471,1.537
2.212,-29.618,1.537
2.215,-29.69,1.537
2.217,-29.696,1.537
2.22,-29.64,1.513
2.222,-29.582,1.56
2.224,-29.555,1.525
2.227,-29.539,1.548
2.229,-29.624,1.525
2.232,-29.716,1.525
2.234,-29.838,1.548
2.236,-29.984,1.56
2.239,-30.142,1.537
2.241,-30.312,1.525
2.243,-30.496,1.525
2.246,-30.696,1.56
2.248,-30.917,1.525
2.251,-31.16,1.537
2.253,-31.408,1.525
2.255,-31.675,1.513
2.258,-31.907,1.548
2.26,-32.136,1.548
2.263,-32.344,1.548
2.265,-32.523,1.537
2.267,-32.7,1.525
2.27,-32.847,1.56
2.272,-32.952,1.56
2.275,-33.02,1.537
2.277,-33.068,1.537
2.279,-33.097,1.537
2.282,-33.128,1.56
2.284,-33.135,1.56
2.286,-33.127,1.537
2.289,-33.116,1.56
2.291,-33.093,1.548
2.294,-33.084,1.548
2.296,-33.098,1.56
2.299,-33.099,1.56
2.301,-33.077,1.56
2.31,-32.955,1.548
2.313,-32.789,1.572
2.315,-32.582,1.572
2.318,-32.355,1.548
2.32,-32.11,1.548
2.322,-31.847,1.572
2.325,-31.579,1.572
2.327,-31.321,1.548
2.33,-31.094,1.548
2.332,-30.894,1.548
2.334,-30.731,1.548
2.337,-30.598,1.584
2.339,-30.517,1.56
2.342,-30.534,1.548
2.344,-30.556,1.56
2.346,-30.531,1.572
2.349,-30.484,1.595
2.351,-30.406,1.584
2.353,-30.364,1.56
2.356,-30.332,1.548
2.358,-30.343,1.548
2.361,-30.409,1.572
2.363,-30.495,1.584
2.365,-30.599,1.56
2.368,-30.71,1.572
2.37,-30.849,1.548
2.373,-30.988,1.584
2.375,-31.111,1.56
2.378,-31.198,1.56
2.38,-31.25,1.56
2.382,-31.29,1.56
2.385,-31.299,1.584
2.387,-31.288,1.56
2.389,-31.264,1.548
2.392,-31.238,1.595
2.394,-31.229,1.572
2.397,-31.211,1.584
2.399,-31.163,1.584
2.401,-31.077,1.572
2.411,-30.909,1.607
2.413,-30.734,1.595
2.416,-30.537,1.595
2.418,-30.32,1.584
2.42,-30.083,1.56
2.423,-29.831,1.572
2.425,-29.582,1.595
2.427,-29.354,1.607
2.43,-29.158,1.584
2.432,-29.032,1.584
2.435,-28.94,1.595
2.437,-28.875,1.584
2.44,-28.793,1.572
2.442,-28.663,1.607
2.444,-28.517,1.595
2.447,-28.41,1.595
2.449,-28.378,1.619
2.451,-28.411,1.584
2.454,-28.468,1.572
2.456,-28.548,1.584
2.459,-28.655,1.607
2.461,-28.772,1.619
2.463,-28.868,1.619
2.466,-28.929,1.595
2.468,-28.962,1.595
2.471,-28.984,1.595
2.473,-28.986,1.63
2.476,-28.981,1.607
2.478,-28.973,1.607
2.48,-28.937,1.595
2.483,-28.844,1.607
2.485,-28.703,1.595
2.487,-28.534,1.607
2.49,-28.343,1.619
2.492,-28.125,1.607
2.494,-27.893,1.607
2.497,-27.669,1.607
2.499,-27.476,1.619
2.502,-27.337,1.63
2.511,-27.235,1.63
2.514,-27.229,1.619
2.516,-27.26,1.63
2.519,-27.341,1.607
2.521,-27.434,1.607
2.523,-27.49,1.607
2.526,-27.506,1.619
2.528,-27.5,1.607
2.531,-27.484,1.607
2.533,-27.473,1.63
2.535,-27.423,1.63
2.538,-27.305,1.595
2.54,-27.146,1.619
2.542,-26.955,1.619
2.545,-26.733,1.607
2.547,-26.512,1.619
2.55,-26.34,1.63
2.552,-26.202,1.619
2.554,-26.056,1.63
2.557,-25.87,1.63
2.559,-25.696,1.619
2.562,-25.602,1.63
2.564,-25.56,1.619
2.566,-25.571,1.607
2.569,-25.655,1.619
2.571,-25.729,1.63
2.574,-25.745,1.619
2.576,-25.743,1.63
2.578,-25.735,1.63
2.581,-25.727,1.63
2.583,-25.692,1.63
2.586,-25.59,1.642
2.588,-25.446,1.619
2.59,-25.265,1.619
2.593,-25.059,1.63
2.595,-24.862,1.654
2.598,-24.703,1.63
2.6,-24.534,1.619
2.602,-24.346,1.619
2.612,-24.196,1.619
2.614,-24.186,1.642
2.617,-24.174,1.63
2.619,-24.148,1.63
2.621,-24.119,1.619
2.624,-24.112,1.619
2.626,-24.103,1.619
2.629,-24.038,1.595
2.631,-23.931,1.63
2.633,-23.786,1.63
2.636,-23.604,1.619
2.638,-23.402,1.642
2.641,-23.217,1.63
2.643,-23.066,1.619
2.645,-22.934,1.642
2.648,-22.781,1.642
2.65,-22.601,1.595
2.652,-22.518,1.63
2.655,-22.502,1.642
2.657,-22.544,1.642
2.66,-22.629,1.619
2.662,-22.744,1.619
2.664,-22.816,1.619
2.667,-22.837,1.619
2.669,-22.837,1.619
2.672,-22.836,1.63
2.674,-22.842,1.642
2.677,-22.806,1.642
2.679,-22.712,1.63
2.681,-22.585,1.63
2.684,-22.423,1.619
2.686,-22.234,1.642
2.688,-22.044,1.642
2.691,-21.891,1.654
2.693,-21.752,1.63
2.696,-21.588,1.654
2.698,-21.415,1.63
2.7,-21.312,1.607
2.71,-21.138,1.642
2.712,-21.078,1.619
2.715,-21.044,1.607
2.717,-21.031,1.607
2.72,-21.003,1.63
2.722,-20.917,1.63
2.724,-20.793,1.654
2.727,-20.638,1.63
2.729,-20.468,1.63
2.732,-20.321,1.63
2.734,-20.207,1.654
2.736,-20.085,1.642
2.739,-19.917,1.654
2.741,-19.777,1.642
2.744,-19.707,1.654
2.746,-19.711,1.619
2.748,-19.786,1.654
2.751,-19.859,1.63
2.753,-19.89,1.619
2.756,-19.905,1.642
2.758,-19.925,1.654
2.76,-19.939,1.654
2.763,-19.902,1.654
2.765,-19.818,1.63
2.767,-19.697,1.654
2.77,-19.542,1.63
2.772,-19.377,1.642
2.775,-19.239,1.642
2.777,-19.135,1.642
2.779,-19.025,1.642
2.782,-18.884,1.642
2.784,-18.77,1.654
2.787,-18.731,1.654
2.789,-18.741,1.642
2.791,-18.802,1.654
2.794,-18.901,1.666
2.796,-18.964,1.654
2.799,-19.012,1.654
2.801,-19.054,1.642
2.81,-18.929,1.677
2.813,-18.849,1.666
2.815,-18.731,1.677
2.818,-18.603,1.654
2.82,-18.479,1.654
2.822,-18.388,1.654
2.825,-18.307,1.654
2.827,-18.178,1.642
2.83,-18.078,1.642
2.832,-18.066,1.677
2.834,-18.109,1.642
2.837,-18.219,1.666
2.839,-18.365,1.677
2.842,-18.467,1.654
2.844,-18.537,1.666
2.846,-18.591,1.654
2.849,-18.641,1.654
2.851,-18.637,1.666
2.853,-18.585,1.654
2.856,-18.496,1.666
2.858,-18.371,1.654
2.861,-18.24,1.666
2.863,-18.138,1.654
2.865,-18.072,1.666
2.868,-18.021,1.689
2.87,-17.933,1.689
2.873,-17.889,1.677
2.875,-17.895,1.666
2.877,-17.937,1.666
2.88,-18.04,1.677
2.882,-18.122,1.666
2.885,-18.164,1.677
2.887,-18.198,1.666
2.889,-18.237,1.689
2.892,-18.25,1.689
2.894,-18.207,1.666
2.897,-18.122,1.666
2.899,-17.998,1.654
2.901,-17.88,1.654
2.911,-17.733,1.666
2.913,-17.745,1.666
2.916,-17.795,1.689
2.918,-17.82,1.666
2.921,-17.832,1.677
2.923,-17.857,1.666
2.925,-17.873,1.642
2.928,-17.82,1.689
2.93,-17.722,1.689
2.932,-17.589,1.677
2.935,-17.449,1.677
2.937,-17.364,1.666
2.94,-17.271,1.689
2.942,-17.141,1.689
2.944,-17.047,1.701
2.947,-17,1.701
2.949,-17.002,1.677
2.952,-17.049,1.677
2.954,-17.067,1.677
2.956,-17.087,1.677
2.959,-17.11,1.689
2.961,-17.083,1.666
2.964,-16.997,1.701
2.966,-16.872,1.689
2.968,-16.739,1.677
2.971,-16.634,1.689
2.973,-16.502,1.689
2.976,-16.35,1.689
2.978,-16.243,1.701
2.98,-16.166,1.713
2.983,-16.153,1.701
2.985,-16.137,1.689
2.987,-16.122,1.701
2.99,-16.129,1.677
2.992,-16.104,1.677
2.995,-16.022,1.701
2.997,-15.901,1.701
3,-15.764,1.701
3.002,-15.648,1.677
3.011,-15.506,1.689
3.014,-15.463,1.689
3.016,-15.442,1.677
3.019,-15.434,1.701
3.021,-15.405,1.689
3.023,-15.324,1.677
3.026,-15.202,1.689
3.028,-15.063,1.701
3.031,-14.936,1.689
3.033,-14.779,1.677
3.036,-14.606,1.677
3.038,-14.474,1.701
3.04,-14.389,1.677
3.043,-14.348,1.689
3.045,-14.308,1.701
3.047,-14.285,1.701
3.05,-14.268,1.701
3.052,-14.202,1.677
3.055,-14.095,1.677
3.057,-13.977,1.689
3.059,-13.869,1.701
3.062,-13.711,1.701
3.064,-13.569,1.677
3.066,-13.46,1.701
3.069,-13.383,1.701
3.071,-13.333,1.701
3.074,-13.297,1.701
3.076,-13.284,1.689
3.078,-13.261,1.677
3.081,-13.188,1.689
3.083,-13.076,1.713
3.086,-12.944,1.689
3.088,-12.828,1.677
3.091,-12.679,1.701
3.093,-12.527,1.677
3.095,-12.405,1.689
3.098,-12.312,1.701
3.1,-12.258,1.689
3.109,-12.076,1.701
3.112,-11.982,1.701
3.114,-11.86,1.701
3.117,-11.728,1.689
3.119,-11.61,1.677
3.121,-11.449,1.677
3.124,-11.308,1.689
3.126,-11.203,1.677
3.129,-11.145,1.677
3.131,-11.108,1.689
3.133,-11.094,1.701
3.136,-11.099,1.701
3.138,-11.078,1.701
3.141,-11.011,1.701
3.143,-10.91,1.677
3.145,-10.805,1.677
3.148,-10.709,1.666
3.15,-10.564,1.666
3.152,-10.467,1.689
3.155,-10.397,1.701
3.157,-10.375,1.701
3.16,-10.369,1.689
3.162,-10.364,1.677
3.164,-10.405,1.701
3.167,-10.427,1.701
3.169,-10.4,1.666
3.172,-10.333,1.701
3.174,-10.238,1.701
3.177,-10.156,1.677
3.179,-10.049,1.666
3.181,-9.912,1.689
3.184,-9.786,1.689
3.186,-9.689,1.701
3.188,-9.625,1.677
3.19,-9.588,1.713
3.193,-9.567,1.689
3.195,-9.578,1.701
3.197,-9.621,1.666
3.2,-9.672,1.701
3.202,-9.698,1.701
3.211,-9.591,1.677
3.213,-9.573,1.666
3.216,-9.518,1.677
3.218,-9.442,1.701
3.22,-9.352,1.701
3.223,-9.246,1.689
3.225,-9.135,1.689
3.227,-9.024,1.701
3.23,-8.921,1.677
3.232,-8.837,1.701
3.234,-8.764,1.701
3.236,-8.677,1.677
3.239,-8.553,1.689
3.241,-8.401,1.689
3.243,-8.23,1.724
3.246,-8.069,1.701
3.248,-7.929,1.701
3.25,-7.838,1.689
3.252,-7.783,1.701
3.255,-7.752,1.701
3.257,-7.756,1.701
3.259,-7.803,1.666
3.262,-7.869,1.689
3.264,-7.919,1.701
3.266,-7.953,1.677
3.269,-7.988,1.701
3.271,-8.039,1.666
3.273,-8.099,1.689
3.275,-8.163,1.677
3.278,-8.224,1.701
3.28,-8.255,1.666
3.282,-8.238,1.713
3.284,-8.197,1.666
3.287,-8.136,1.701
3.289,-8.058,1.689
3.291,-7.966,1.689
3.293,-7.867,1.701
3.296,-7.766,1.677
3.298,-7.677,1.701
3.3,-7.606,1.677
3.31,-7.439,1.677
3.312,-7.421,1.677
3.315,-7.435,1.701
3.317,-7.483,1.701
3.319,-7.537,1.666
3.321,-7.578,1.677
3.324,-7.615,1.666
3.326,-7.656,1.677
3.328,-7.693,1.713
3.33,-7.749,1.689
3.333,-7.819,1.689
3.335,-7.917,1.689
3.337,-8.011,1.701
3.34,-8.08,1.677
3.342,-8.105,1.689
3.344,-8.095,1.689
3.346,-8.056,1.701
3.349,-7.997,1.677
3.351,-7.921,1.666
3.353,-7.834,1.677
3.356,-7.736,1.666
3.358,-7.648,1.701
3.36,-7.583,1.689
3.363,-7.531,1.677
3.365,-7.491,1.677
3.367,-7.418,1.677
3.369,-7.31,1.724
3.372,-7.192,1.701
3.374,-7.082,1.689
3.376,-7.001,1.713
3.378,-6.958,1.701
3.381,-6.938,1.689
3.383,-6.95,1.689
3.385,-6.995,1.689
3.388,-7.075,1.701
3.39,-7.16,1.666
3.392,-7.23,1.677
3.395,-7.291,1.701
3.397,-7.351,1.677
3.399,-7.424,1.677
3.401,-7.502,1.677
3.411,-7.405,1.701
3.413,-7.376,1.677
3.415,-7.332,1.689
3.418,-7.298,1.689
3.42,-7.264,1.677
3.422,-7.229,1.689
3.425,-7.18,1.701
3.427,-7.093,1.701
3.429,-6.976,1.677
3.431,-6.85,1.701
3.434,-6.743,1.701
3.436,-6.681,1.701
3.438,-6.648,1.677
3.441,-6.626,1.713
3.443,-6.633,1.701
3.445,-6.674,1.701
3.448,-6.734,1.677
3.45,-6.785,1.701
3.452,-6.82,1.701
3.454,-6.856,1.701
3.457,-6.903,1.701
3.459,-6.961,1.677
3.461,-7.02,1.701
3.463,-7.069,1.677
3.466,-7.085,1.713
3.468,-7.061,1.701
3.47,-7.01,1.701
3.473,-6.946,1.677
3.475,-6.865,1.701
3.477,-6.774,1.701
3.48,-6.672,1.677
3.482,-6.572,1.701
3.484,-6.483,1.677
3.486,-6.4,1.701
3.489,-6.287,1.689
3.491,-6.14,1.701
3.493,-5.986,1.689
3.496,-5.845,1.677
3.498,-5.739,1.701
3.5,-5.651,1.677
3.51,-5.5,1.713
3.512,-5.499,1.677
3.514,-5.508,1.666
3.517,-5.526,1.701
3.519,-5.528,1.677
3.521,-5.498,1.689
3.523,-5.449,1.677
3.526,-5.385,1.677
3.528,-5.308,1.689
3.53,-5.214,1.701
3.532,-5.11,1.701
3.535,-5,1.677
3.537,-4.903,1.701
3.539,-4.817,1.677
3.542,-4.732,1.701
3.544,-4.622,1.677
3.546,-4.486,1.701
3.549,-4.344,1.689
3.551,-4.217,1.701
3.553,-4.119,1.701
3.555,-4.043,1.677
3.558,-3.989,1.701
3.56,-3.966,1.666
3.562,-3.971,1.701
3.565,-3.994,1.677
3.567,-4.02,1.713
3.569,-4.044,1.689
3.572,-4.08,1.701
3.574,-4.134,1.689
3.576,-4.204,1.677
3.578,-4.283,1.689
3.581,-4.347,1.701
3.583,-4.385,1.701
3.585,-4.387,1.677
3.588,-4.368,1.701
3.59,-4.33,1.701
3.592,-4.282,1.713
3.594,-4.22,1.677
3.597,-4.149,1.677
3.599,-4.067,1.701
3.601,-3.986,1.701
3.611,-3.808,1.666
3.613,-3.766,1.677
3.615,-3.75,1.701
3.618,-3.776,1.701
3.62,-3.817,1.689
3.622,-3.859,1.701
3.625,-3.898,1.677
3.627,-3.949,1.713
3.629,-4.015,1.689
3.631,-4.091,1.677
3.634,-4.169,1.677
3.636,-4.234,1.677
3.638,-4.268,1.689
3.641,-4.269,1.677
3.643,-4.246,1.677
3.645,-4.2,1.713
3.647,-4.139,1.701
3.65,-4.064,1.689
3.652,-3.983,1.701
3.654,-3.903,1.666
3.657,-3.835,1.666
3.659,-3.771,1.677
3.661,-3.687,1.689
3.663,-3.576,1.701
3.666,-3.443,1.677
3.668,-3.308,1.701
3.67,-3.19,1.689
3.672,-3.099,1.701
3.675,-3.034,1.689
3.677,-2.993,1.701
3.679,-2.972,1.689
3.682,-2.983,1.701
3.684,-3.019,1.701
3.686,-3.071,1.677
3.689,-3.129,1.713
3.691,-3.183,1.677
3.693,-3.234,1.677
3.695,-3.284,1.713
3.698,-3.354,1.666
3.7,-3.438,1.689
3.709,-3.371,1.677
3.712,-3.372,1.689
3.714,-3.338,1.677
3.716,-3.283,1.689
3.718,-3.223,1.713
3.721,-3.17,1.689
3.723,-3.131,1.701
3.725,-3.091,1.689
3.728,-3.036,1.701
3.73,-2.949,1.666
3.732,-2.843,1.701
3.735,-2.731,1.689
3.737,-2.65,1.701
3.739,-2.596,1.689
3.741,-2.57,1.677
3.744,-2.558,1.701
3.746,-2.566,1.701
3.748,-2.597,1.677
3.751,-2.662,1.701
3.753,-2.735,1.677
3.755,-2.797,1.689
3.757,-2.862,1.689
3.76,-2.927,1.701
3.762,-3.004,1.689
3.764,-3.096,1.701
3.766,-3.194,1.677
3.769,-3.281,1.701
3.771,-3.352,1.677
3.773,-3.387,1.677
3.776,-3.389,1.689
3.778,-3.366,1.677
3.78,-3.328,1.677
3.783,-3.282,1.677
3.785,-3.233,1.666
3.787,-3.176,1.677
3.789,-3.109,1.689
3.792,-3.04,1.701
3.794,-2.968,1.701
3.796,-2.906,1.677
3.799,-2.843,1.677
3.801,-2.77,1.677
3.81,-2.622,1.666
3.813,-2.62,1.677
3.815,-2.646,1.701
3.817,-2.685,1.701
3.819,-2.72,1.677
3.822,-2.752,1.666
3.824,-2.796,1.677
3.826,-2.846,1.666
3.829,-2.902,1.677
3.831,-2.965,1.689
3.833,-3.027,1.701
3.835,-3.089,1.666
3.838,-3.124,1.689
3.84,-3.13,1.701
3.842,-3.114,1.713
3.845,-3.078,1.701
3.847,-3.032,1.677
3.849,-2.974,1.713
3.852,-2.902,1.689
3.854,-2.816,1.677
3.856,-2.726,1.677
3.858,-2.63,1.701
3.861,-2.539,1.689
3.863,-2.458,1.677
3.865,-2.377,1.701
3.868,-2.279,1.677
3.87,-2.155,1.689
3.872,-2.015,1.677
3.875,-1.868,1.701
3.877,-1.715,1.689
3.879,-1.584,1.701
3.881,-1.473,1.701
3.884,-1.389,1.677
3.886,-1.321,1.689
3.888,-1.266,1.677
3.89,-1.236,1.713
3.893,-1.234,1.701
3.895,-1.255,1.689
3.897,-1.285,1.689
3.899,-1.313,1.701
3.902,-1.338,1.689
3.911,-1.229,1.677
3.914,-1.2,1.677
3.916,-1.159,1.677
3.918,-1.1,1.677
3.921,-1.024,1.701
3.923,-0.939,1.701
3.925,-0.864,1.677
3.927,-0.784,1.713
3.93,-0.696,1.689
3.932,-0.583,1.701
3.934,-0.439,1.666
3.937,-0.29,1.701
3.939,-0.149,1.701
3.941,-0.031,1.701
3.943,0.064,1.701
3.945,0.136,1.677
3.948,0.205,1.677
3.95,0.273,1.689
3.952,0.379,1.701
3.954,0.506,1.677
3.956,0.656,1.701
3.959,0.817,1.701
3.961,0.986,1.677
3.963,1.156,1.689
3.965,1.33,1.689
3.967,1.502,1.701
3.97,1.662,1.666
3.972,1.812,1.689
3.974,1.953,1.677
3.976,2.076,1.689
3.978,2.181,1.677
3.98,2.275,1.701
3.983,2.371,1.701
3.985,2.47,1.701
3.987,2.572,1.701
3.989,2.671,1.689
3.991,2.764,1.701
3.994,2.846,1.677
3.996,2.927,1.701
3.998,3.01,1.689
4,3.091,1.666
4.01,3.32,1.701
4.012,3.44,1.666
4.014,3.565,1.689
4.016,3.67,1.689
4.018,3.768,1.689
4.021,3.862,1.689
4.023,3.951,1.689
4.025,4.045,1.677
4.027,4.139,1.677
4.029,4.228,1.677
4.031,4.313,1.689
4.034,4.395,1.689
4.036,4.472,1.677
4.038,4.542,1.701
4.04,4.605,1.701
4.042,4.658,1.701
4.044,4.705,1.701
4.047,4.754,1.701
4.049,4.794,1.677
4.051,4.83,1.677
4.053,4.859,1.701
4.055,4.882,1.701
4.058,4.89,1.701
4.06,4.885,1.701
4.062,4.868,1.701
4.064,4.835,1.701
4.066,4.79,1.701
4.069,4.73,1.689
4.071,4.661,1.689
4.073,4.585,1.701
4.075,4.505,1.666
4.077,4.423,1.666
4.079,4.35,1.666
4.082,4.29,1.666
4.084,4.242,1.677
4.086,4.198,1.689
4.088,4.162,1.677
4.09,4.121,1.677
4.093,4.081,1.677
4.095,4.038,1.713
4.097,3.994,1.666
4.099,3.957,1.677
4.101,3.934,1.677
4.11,4.023,1.689
4.113,3.995,1.677
4.115,3.967,1.677
4.117,3.931,1.701
4.119,3.892,1.701
4.121,3.86,1.701
4.124,3.84,1.701
4.126,3.826,1.677
4.128,3.824,1.701
4.13,3.827,1.701
4.132,3.835,1.677
4.135,3.842,1.689
4.137,3.847,1.677
4.139,3.837,1.677
4.141,3.833,1.677
4.143,3.838,1.701
4.145,3.844,1.701
4.148,3.862,1.666
4.15,3.887,1.701
4.152,3.924,1.666
4.154,3.993,1.666
4.156,4.078,1.689
4.158,4.171,1.677
4.161,4.272,1.677
4.163,4.363,1.677
4.165,4.452,1.677
4.167,4.532,1.701
4.169,4.594,1.677
4.172,4.64,1.677
4.174,4.675,1.701
4.176,4.696,1.654
4.178,4.709,1.701
4.18,4.711,1.666
4.183,4.705,1.677
4.185,4.708,1.677
4.187,4.721,1.701
4.189,4.734,1.677
4.191,4.749,1.677
4.193,4.765,1.713
4.196,4.779,1.713
4.198,4.788,1.701
4.2,4.795,1.701
4.209,4.907,1.677
4.212,4.909,1.701
4.214,4.902,1.713
4.216,4.875,1.689
4.218,4.835,1.677
4.22,4.781,1.677
4.222,4.707,1.666
4.225,4.624,1.689
4.227,4.54,1.689
4.229,4.46,1.701
4.231,4.387,1.677
4.233,4.323,1.701
4.236,4.261,1.701
4.238,4.209,1.701
4.24,4.164,1.677
4.242,4.124,1.677
4.244,4.088,1.713
4.247,4.055,1.701
4.249,4.021,1.713
4.251,3.989,1.701
4.253,3.954,1.701
4.255,3.916,1.689
4.257,3.873,1.689
4.26,3.833,1.677
4.262,3.789,1.677
4.264,3.746,1.677
4.266,3.704,1.677
4.268,3.658,1.689
4.27,3.61,1.689
4.273,3.562,1.677
4.275,3.509,1.713
4.277,3.451,1.701
4.279,3.381,1.701
4.281,3.297,1.701
4.284,3.201,1.701
4.286,3.089,1.701
4.288,2.966,1.689
4.29,2.833,1.701
4.292,2.696,1.701
4.295,2.561,1.689
4.297,2.428,1.689
4.299,2.301,1.677
4.301,2.182,1.677
4.311,2.179,1.677
4.313,2.125,1.701
4.315,2.093,1.701
4.317,2.076,1.677
4.319,2.072,1.677
4.321,2.073,1.701
4.324,2.081,1.689
4.326,2.085,1.677
4.328,2.065,1.701
4.33,2.019,1.677
4.332,1.945,1.677
4.335,1.869,1.689
4.337,1.793,1.677
4.339,1.718,1.677
4.341,1.651,1.701
4.343,1.578,1.701
4.345,1.519,1.701
4.348,1.471,1.654
4.35,1.417,1.701
4.352,1.377,1.701
4.354,1.349,1.701
4.356,1.317,1.654
4.359,1.277,1.666
4.361,1.232,1.666
4.363,1.188,1.666
4.365,1.153,1.654
4.367,1.137,1.666
4.37,1.139,1.642
4.372,1.171,1.63
4.374,1.221,1.654
4.376,1.283,1.642
4.378,1.361,1.619
4.38,1.458,1.63
4.383,1.588,1.63
4.385,1.745,1.654
4.387,1.925,1.642
4.389,2.098,1.63
4.391,2.254,1.642
4.394,2.396,1.642
4.396,2.534,1.619
4.398,2.671,1.619
4.4,2.804,1.63
4.409,3,1.63
4.411,3.128,1.63
4.414,3.259,1.654
4.416,3.379,1.595
4.418,3.49,1.642
4.42,3.583,1.654
4.422,3.658,1.619
4.425,3.715,1.619
4.427,3.734,1.63
4.429,3.716,1.642
4.431,3.675,1.63
4.433,3.637,1.63
4.436,3.601,1.619
4.438,3.572,1.63
4.44,3.546,1.619
4.442,3.525,1.642
4.444,3.503,1.63
4.447,3.483,1.63
4.449,3.466,1.654
4.451,3.466,1.654
4.453,3.499,1.63
4.455,3.554,1.63
4.457,3.598,1.619
4.46,3.634,1.642
4.462,3.658,1.63
4.464,3.683,1.654
4.466,3.715,1.63
4.468,3.749,1.642
4.47,3.769,1.654
4.473,3.77,1.654
4.475,3.747,1.63
4.477,3.706,1.654
4.479,3.64,1.642
4.481,3.534,1.654
4.484,3.383,1.654
4.486,3.201,1.619
4.488,3.009,1.607
4.49,2.835,1.654
4.492,2.65,1.619
4.495,2.434,1.63
4.497,2.188,1.642
4.499,1.927,1.642
4.501,1.677,1.654
4.511,1.495,1.654
4.513,1.222,1.619
4.515,0.907,1.63
4.517,0.574,1.63
4.519,0.248,1.642
4.522,-0.076,1.654
4.524,-0.397,1.654
4.526,-0.72,1.63
4.528,-1.039,1.654
4.531,-1.354,1.654
4.533,-1.667,1.619
4.535,-1.973,1.654
4.538,-2.276,1.619
4.54,-2.571,1.654
4.542,-2.862,1.607
4.544,-3.17,1.654
4.547,-3.484,1.619
4.549,-3.776,1.654
4.551,-4.059,1.619
4.554,-4.328,1.654
4.556,-4.584,1.63
4.558,-4.86,1.63
4.56,-5.119,1.63
4.563,-5.392,1.63
4.565,-5.647,1.63
4.567,-5.889,1.654
4.57,-6.119,1.619
4.572,-6.346,1.654
4.574,-6.567,1.619
4.576,-6.789,1.654
4.579,-7.007,1.63
4.581,-7.227,1.619
4.583,-7.465,1.63
4.586,-7.707,1.654
4.588,-7.955,1.63
4.59,-8.21,1.63
4.593,-8.475,1.63
4.595,-8.757,1.654
4.597,-9.048,1.63
4.599,-9.351,1.63
4.602,-9.66,1.63
4.611,-9.959,1.654
4.613,-10.167,1.619
4.616,-10.312,1.63
4.618,-10.438,1.654
4.62,-10.566,1.654
4.623,-10.712,1.63
4.625,-10.846,1.654
4.628,-10.922,1.63
4.63,-10.956,1.63
4.632,-10.963,1.63
4.635,-10.941,1.619
4.637,-10.904,1.63
4.64,-10.885,1.619
4.642,-10.896,1.654
4.644,-10.912,1.642
4.647,-10.893,1.642
4.649,-10.864,1.642
4.652,-10.884,1.654
4.654,-10.965,1.642
4.69061271,8.343005393,1.919915373
4.693130383,8.38017841,1.920522635
4.695648055,8.417351427,1.921129896
4.698165728,8.454524445,1.921737158
4.700683401,8.491697462,1.92234442
4.703201074,8.528870479,1.922951682
4.705718747,8.566043497,1.923558943
4.708236419,8.603216514,1.924166205
4.710754092,8.640389531,1.924773467
4.713271765,8.677562549,1.925380729
4.715789438,8.714735566,1.925987991
4.718307111,8.751908583,1.926595252
4.720824783,8.789081601,1.927202514
4.723342456,8.826254618,1.927809776
4.725860129,8.863427636,1.928417038
4.728377802,8.900600653,1.929024299
4.730895475,8.93777367,1.929631561
4.733413148,8.974946688,1.930238823
4.73593082,9.012119705,1.930846085
4.738448493,9.049292722,1.931453346
4.740966166,9.08646574,1.932060608
4.743483839,9.123638757,1.93266787
4.746001512,9.160811774,1.933275132
4.748519184,9.197984792,1.933882394
4.751036857,9.235157809,1.934489655
4.75355453,9.272330826,1.935096917
4.756072203,9.309503844,1.935704179
4.758589876,9.346676861,1.936311441
4.761107548,9.383849878,1.936918702
4.763625221,9.421022896,1.937525964
4.766142894,9.458195913,1.938133226
4.768660567,9.495368931,1.938740488
4.77117824,9.532541948,1.93934775
4.773695912,9.569714965,1.939955011
4.776213585,9.606887983,1.940562273
4.778731258,9.644061,1.941169535
4.781248931,9.681234017,1.941776797
4.783766604,9.718407035,1.942384058
4.786284276,9.755580052,1.94299132
4.788801949,9.792753069,1.943598582
4.791319622,9.829926087,1.944205844
4.793837295,9.867099104,1.944813105
4.796354968,9.904272121,1.945420367
4.798872641,9.941445139,1.946027629
4.801390313,9.978618156,1.946634891
4.803907986,10.01579117,1.947242153
4.806425659,10.05296419,1.947849414
4.808943332,10.09013721,1.948456676
4.811461005,10.12731023,1.949063938
4.813978677,10.16448324,1.9496712
4.81649635,10.20165626,1.950278461
4.819014023,10.23882928,1.950885723
4.821531696,10.27600229,1.951492985
4.824049369,10.31317531,1.952100247
4.826567041,10.35034833,1.952707509
4.829084714,10.38752135,1.95331477
4.831602387,10.42469436,1.953922032
4.83412006,10.46186738,1.954529294
4.836637733,10.4990404,1.955136556
4.839155405,10.53621342,1.955743817
4.841673078,10.57338643,1.956351079
4.844190751,10.61055945,1.956958341
4.846708424,10.64773247,1.957565603
4.849226097,10.68490549,1.958172864
4.851743769,10.7220785,1.958780126
4.854261442,10.75925152,1.959387388
4.856779115,10.79642454,1.95999465
4.859296788,10.83359756,1.960601912
4.861814461,10.87077057,1.961209173
4.864332134,10.90794359,1.961816435
4.866849806,10.94511661,1.962423697
4.869367479,10.98228962,1.963030959
4.871885152,11.01946264,1.96363822
4.874402825,11.05663566,1.964245482
4.876920498,11.09380868,1.964852744
4.87943817,11.13098169,1.965460006
4.881955843,11.16815471,1.966067268
4.884473516,11.20532773,1.966674529
4.886991189,11.24250075,1.967281791
4.889508862,11.27967376,1.967889053
4.892026534,11.31684678,1.968496315
4.894544207,11.3540198,1.969103576
4.89706188,11.39119282,1.969710838
4.899579553,11.42836583,1.9703181
4.902097226,11.46553885,1.970925362
4.904614898,11.50271187,1.971532623
4.907132571,11.53988488,1.972139885
4.909650244,11.5770579,1.972747147
4.912167917,11.61423092,1.973354409
4.91468559,11.65140394,1.973961671
4.917203262,11.68857695,1.974568932
4.919720935,11.72574997,1.975176194
4.922238608,11.76292299,1.975783456
4.924756281,11.80009601,1.976390718
4.927273954,11.83726902,1.976997979
4.929791627,11.87444204,1.977605241
4.932309299,11.91161506,1.978212503
4.934826972,11.94878808,1.978819765
4.937344645,11.98596109,1.979427027
4.939862318,12.02313411,1.980034288
4.942379991,12.06030713,1.98064155
4.944897663,12.09748015,1.981248812
4.947415336,12.13465316,1.981856074
4.949933009,12.17182618,1.982463335
4.952450682,12.2089992,1.983070597
4.954968355,12.24617221,1.983677859
4.957486027,12.28334523,1.984285121
4.9600037,12.32051825,1.984892383
4.962521373,12.35769127,1.985499644
4.965039046,12.39486428,1.986106906
4.967556719,12.4320373,1.986714168
4.970074391,12.46921032,1.98732143
4.972592064,12.50638334,1.987928691
4.975109737,12.54355635,1.988535953
4.97762741,12.58072937,1.989143215
4.980145083,12.61790239,1.989750477
4.982662755,12.65507541,1.990357738
4.985180428,12.69224842,1.990965
4.987698101,12.72942144,1.991572262
4.990215774,12.76659446,1.992179524
4.992733447,12.80376747,1.992786786
4.99525112,12.84094049,1.993394047
4.997768792,12.87811351,1.994001309
5.000286465,12.91528653,1.994608571
5.002804138,12.95245954,1.995215833
5.005321811,12.98963256,1.995823094
5.007839484,13.02680558,1.996430356
5.010357156,13.0639786,1.997037618
5.012874829,13.10115161,1.99764488
5.015392502,13.13832463,1.998252142
5.017910175,13.17549765,1.998859403
5.020427848,13.21267067,1.999466665
5.02294552,13.24984368,2.000073927
5.025463193,13.2870167,2.000681189
5.027980866,13.32418972,2.00128845
5.030498539,13.36136274,2.001895712
5.033016212,13.39853575,2.002502974
5.035533884,13.43570877,2.003110236
5.038051557,13.47288179,2.003717497
5.04056923,13.5100548,2.004324759
5.043086903,13.54722782,2.004932021
5.045604576,13.58440084,2.005539283
5.048122248,13.62157386,2.006146545
5.050639921,13.65874687,2.006753806
5.053157594,13.69591989,2.007361068
5.055675267,13.73309291,2.00796833
5.05819294,13.77026593,2.008575592
5.060710613,13.80743894,2.009182853
5.063228285,13.84461196,2.009790115
5.065745958,13.88178498,2.010397377
5.068263631,13.918958,2.011004639
5.070781304,13.95613101,2.011611901
5.073298977,13.99330403,2.012219162
5.075816649,14.03047705,2.012826424
5.078334322,14.06765006,2.013433686
5.080851995,14.10482308,2.014040948
5.083369668,14.1419961,2.014648209
5.085887341,14.17916912,2.015255471
5.088405013,14.21634213,2.015862733
5.090922686,14.25351515,2.016469995
5.093440359,14.29068817,2.017077256
5.095958032,14.32786119,2.017684518
5.098475705,14.3650342,2.01829178
5.100993377,14.40220722,2.018899042
5.10351105,14.43938024,2.019506304
5.106028723,14.47655326,2.020113565
5.108546396,14.51372627,2.020720827
5.111064069,14.55089929,2.021328089
5.113581741,14.58807231,2.021935351
5.116099414,14.62524533,2.022542612
5.118617087,14.66241834,2.023149874
5.12113476,14.69959136,2.023757136
5.123652433,14.73676438,2.024364398
5.126170106,14.77393739,2.02497166
5.128687778,14.81111041,2.025578921
5.131205451,14.84828343,2.026186183
5.133723124,14.88545645,2.026793445
5.136240797,14.92262946,2.027400707
5.13875847,14.95980248,2.028007968
5.141276142,14.9969755,2.02861523
5.143793815,15.03414852,2.029222492
5.146311488,15.07132153,2.029829754
5.148829161,15.10849455,2.030437016
5.151346834,15.14566757,2.031044277
5.153864506,15.18284059,2.031651539
5.156382179,15.2200136,2.032258801
5.158899852,15.25718662,2.032866063
5.161417525,15.29435964,2.033473324
5.163935198,15.33153265,2.034080586
5.16645287,15.36870567,2.034687848
5.168970543,15.40587869,2.03529511
5.171488216,15.44305171,2.035902371
5.174005889,15.48022472,2.036509633
5.176523562,15.51739774,2.037116895
5.179041234,15.55457076,2.037724157
5.181558907,15.59174378,2.038331419
5.18407658,15.62891679,2.03893868
5.186594253,15.66608981,2.039545942
5.189111926,15.70326283,2.040153204
5.191629599,15.74043585,2.040760466
5.194147271,15.77760886,2.041367727
5.196664944,15.81478188,2.041974989
5.199182617,15.8519549,2.042582251
5.20170029,15.88912792,2.043189513
5.204217963,15.92630093,2.043796775
5.206735635,15.96347395,2.044404036
5.209253308,16.00064697,2.045011298
5.211770981,16.03781998,2.04561856
5.214288654,16.074993,2.046225822
5.216806327,16.11216602,2.046833083
5.219323999,16.14933904,2.047440345
5.221841672,16.18651205,2.048047607
5.224359345,16.22368507,2.048654869
5.226877018,16.26085809,2.04926213
5.229394691,16.29803111,2.049869392
5.231912363,16.33520412,2.050476654
5.234430036,16.37237714,2.051083916
5.236947709,16.40955016,2.051691178
5.239465382,16.44672318,2.052298439
5.241983055,16.48389619,2.052905701
5.244500727,16.52106921,2.053512963
5.2470184,16.55824223,2.054120225
5.249536073,16.59541524,2.054727486
5.252053746,16.63258826,2.055334748
5.254571419,16.66976128,2.05594201
5.257089092,16.7069343,2.056549272
5.259606764,16.74410731,2.057156534
5.262124437,16.78128033,2.057763795
5.26464211,16.81845335,2.058371057
5.267159783,16.85562637,2.058978319
5.269677456,16.89279938,2.059585581
5.272195128,16.9299724,2.060192842
5.274712801,16.96714542,2.060800104
5.277230474,17.00431844,2.061407366
5.279748147,17.04149145,2.062014628
5.28226582,17.07866447,2.062621889
5.284783492,17.11583749,2.063229151
5.287301165,17.15301051,2.063836413
5.289818838,17.19018352,2.064443675
5.292336511,17.22735654,2.065050937
5.294854184,17.26452956,2.065658198
5.297371856,17.30170257,2.06626546
5.299889529,17.33887559,2.066872722
5.302407202,17.37604861,2.067479984
5.304924875,17.41322163,2.068087245
5.307442548,17.45039464,2.068694507
5.30996022,17.48756766,2.069301769
5.312477893,17.52474068,2.069909031
5.314995566,17.5619137,2.070516293
5.317513239,17.59908671,2.071123554
5.320030912,17.63625973,2.071730816
5.322548585,17.67343275,2.072338078
5.325066257,17.71060577,2.07294534
5.32758393,17.74777878,2.073552601
5.330101603,17.7849518,2.074159863
5.332619276,17.82212482,2.074767125
5.335136949,17.85929783,2.075374387
5.337654621,17.89647085,2.075981649
5.340172294,17.93364387,2.07658891
5.342689967,17.97081689,2.077196172
5.34520764,18.0079899,2.077803434
5.347725313,18.04516292,2.078410696
5.350242985,18.08233594,2.079017957
5.352760658,18.11950896,2.079625219
5.355278331,18.15668197,2.080232481
5.357796004,18.19385499,2.080839743
5.360313677,18.23102801,2.081447004
5.362831349,18.26820103,2.082054266
5.365349022,18.30537404,2.082661528
5.367866695,18.34254706,2.08326879
5.370384368,18.37972008,2.083876052
5.372902041,18.41689309,2.084483313
5.375419713,18.45406611,2.085090575
5.377937386,18.49123913,2.085697837
5.380455059,18.52841215,2.086305099
5.382972732,18.56558516,2.08691236
5.385490405,18.60275818,2.087519622
5.388008078,18.6399312,2.088126884
5.39052575,18.67710422,2.088734146
5.393043423,18.71427723,2.089341408
5.395561096,18.75145025,2.089948669
5.398078769,18.78862327,2.090555931
5.400596442,18.82579629,2.091163193
5.403114114,18.8629693,2.091770455
5.405631787,18.90014232,2.092377716
5.40814946,18.93731534,2.092984978
5.410667133,18.97448836,2.09359224
5.413184806,19.01166137,2.094199502
5.415702478,19.04883439,2.094806763
5.418220151,19.08600741,2.095414025
5.420737824,19.12318042,2.096021287
5.423255497,19.16035344,2.096628549
5.42577317,19.19752646,2.097235811
5.428290842,19.23469948,2.097843072
5.430808515,19.27187249,2.098450334
5.433326188,19.30904551,2.099057596
5.435843861,19.34621853,2.099664858
5.438361534,19.38339155,2.100272119
5.440879206,19.42056456,2.100879381
5.443396879,19.45773758,2.101486643
5.445914552,19.4949106,2.102093905
5.448432225,19.53208362,2.102701167
5.450949898,19.56925663,2.103308428
5.453467571,19.60642965,2.10391569
5.455985243,19.64360267,2.104522952
5.458502916,19.68077568,2.105130214
5.461020589,19.7179487,2.105737475
5.463538262,19.75512172,2.106344737
5.466055935,19.79229474,2.106951999
5.468573607,19.82946775,2.107559261
5.47109128,19.86664077,2.108166522
5.473608953,19.90381379,2.108773784
5.476126626,19.94098681,2.109381046
5.478644299,19.97815982,2.109988308
5.481161971,20.01533284,2.11059557
5.483679644,20.05250586,2.111202831
5.486197317,20.08967888,2.111810093
5.48871499,20.12685189,2.112417355
5.491232663,20.16402491,2.113024617
5.493750335,20.20119793,2.113631878
5.496268008,20.23837095,2.11423914
5.498785681,20.27554396,2.114846402
5.501303354,20.31271698,2.115453664
5.503821027,20.34989,2.116060926
5.506338699,20.38706301,2.116668187
5.508856372,20.42423603,2.117275449
5.511374045,20.46140905,2.117882711
5.513891718,20.49858207,2.118489973
5.516409391,20.53575508,2.119097234
5.518927064,20.5729281,2.119704496
5.521444736,20.61010112,2.120311758
5.523962409,20.64727414,2.12091902
5.526480082,20.68444715,2.121526282
5.528997755,20.72162017,2.122133543
5.531515428,20.75879319,2.122740805
5.5340331,20.79596621,2.123348067
5.536550773,20.83313922,2.123955329
5.539068446,20.87031224,2.12456259
5.541586119,20.90748526,2.125169852
5.544103792,20.94465827,2.125777114
5.546621464,20.98183129,2.126384376
5.549139137,21.01900431,2.126991637
5.55165681,21.05617733,2.127598899
5.554174483,21.09335034,2.128206161
5.556692156,21.13052336,2.128813423
5.559209828,21.16769638,2.129420685
5.561727501,21.2048694,2.130027946
5.564245174,21.24204241,2.130635208
5.566762847,21.27921543,2.13124247
5.56928052,21.31638845,2.131849732
5.571798192,21.35356147,2.132456993
5.574315865,21.39073448,2.133064255
5.576833538,21.4279075,2.133671517
5.579351211,21.46508052,2.134278779
5.581868884,21.50225354,2.134886041
5.584386557,21.53942655,2.135493302
5.586904229,21.57659957,2.136100564
5.589421902,21.61377259,2.136707826
5.591939575,21.6509456,2.137315088
5.594457248,21.68811862,2.137922349
5.596974921,21.72529164,2.138529611
5.599492593,21.76246466,2.139136873
5.602010266,21.79963767,2.139744135
5.604527939,21.83681069,2.140351396
5.607045612,21.87398371,2.140958658
5.609563285,21.91115673,2.14156592
5.612080957,21.94832974,2.142173182
5.61459863,21.98550276,2.142780444
5.617116303,22.02267578,2.143387705
5.619633976,22.0598488,2.143994967
5.622151649,22.09702181,2.144602229
5.624669321,22.13419483,2.145209491
5.627186994,22.17136785,2.145816752
5.629704667,22.20854086,2.146424014
5.63222234,22.24571388,2.147031276
5.634740013,22.2828869,2.147638538
5.637257685,22.32005992,2.1482458
5.639775358,22.35723293,2.148853061
5.642293031,22.39440595,2.149460323
5.644810704,22.43157897,2.150067585
5.647328377,22.46875199,2.150674847
5.649846049,22.505925,2.151282108
5.652363722,22.54309802,2.15188937
5.654881395,22.58027104,2.152496632
5.657399068,22.61744406,2.153103894
5.659916741,22.65461707,2.153711155
5.662434414,22.69179009,2.154318417
5.664952086,22.72896311,2.154925679
5.667469759,22.76613613,2.155532941
5.669987432,22.80330914,2.156140203
5.672505105,22.84048216,2.156747464
5.675022778,22.87765518,2.157354726
5.67754045,22.91482819,2.157961988
5.680058123,22.95200121,2.15856925
5.682575796,22.98917423,2.159176511
5.685093469,23.02634725,2.159783773
5.687611142,23.06352026,2.160391035
5.690128814,23.10069328,2.160998297
5.692646487,23.1378663,2.161605559
5.69516416,23.17503932,2.16221282
5.697681833,23.21221233,2.162820082
5.700199506,23.24938535,2.163427344
5.702717178,23.28655837,2.164034606
5.705234851,23.32373139,2.164641867
5.707752524,23.3609044,2.165249129
5.710270197,23.39807742,2.165856391
5.71278787,23.43525044,2.166463653
5.715305542,23.47242345,2.167070915
5.717823215,23.50959647,2.167678176
5.720340888,23.54676949,2.168285438
5.722858561,23.58394251,2.1688927
5.725376234,23.62111552,2.169499962
5.727893907,23.65828854,2.170107223
5.730411579,23.69546156,2.170714485
5.732929252,23.73263458,2.171321747
5.735446925,23.76980759,2.171929009
5.737964598,23.80698061,2.17253627
5.740482271,23.84415363,2.173143532
5.742999943,23.88132665,2.173750794
5.745517616,23.91849966,2.174358056
5.748035289,23.95567268,2.174965318
5.750552962,23.9928457,2.175572579
5.753070635,24.03001872,2.176179841
5.755588307,24.06719173,2.176787103
5.75810598,24.10436475,2.177394365
5.760623653,24.14153777,2.178001626
5.763141326,24.17871078,2.178608888
5.765658999,24.2158838,2.17921615
5.768176671,24.25305682,2.179823412
5.770694344,24.29022984,2.180430674
5.773212017,24.32740285,2.181037935
5.77572969,24.36457587,2.181645197
5.778247363,24.40174889,2.182252459
5.780765035,24.43892191,2.182859721
5.783282708,24.47609492,2.183466982
5.785800381,24.51326794,2.184074244
5.788318054,24.55044096,2.184681506
5.790835727,24.58761398,2.185288768
5.7933534,24.62478699,2.185896029
5.795871072,24.66196001,2.186503291
5.798388745,24.69913303,2.187110553
5.800906418,24.73630604,2.187717815
5.803424091,24.77347906,2.188325077
5.805941764,24.81065208,2.188932338
5.808459436,24.8478251,2.1895396
5.810977109,24.88499811,2.190146862
5.813494782,24.92217113,2.190754124
5.816012455,24.95934415,2.191361385
5.818530128,24.99651717,2.191968647
5.8210478,25.03369018,2.192575909
5.823565473,25.0708632,2.193183171
5.826083146,25.10803622,2.193790433
5.828600819,25.14520924,2.194397694
5.831118492,25.18238225,2.195004956
5.833636164,25.21955527,2.195612218
5.836153837,25.25672829,2.19621948
5.83867151,25.29390131,2.196826741
5.841189183,25.33107432,2.197434003
5.843706856,25.36824734,2.198041265
5.846224528,25.40542036,2.198648527
5.848742201,25.44259337,2.199255788
5.851259874,25.47976639,2.19986305
5.853777547,25.51693941,2.200470312
5.85629522,25.55411243,2.201077574
5.858812893,25.59128544,2.201684836
5.861330565,25.62845846,2.202292097
5.863848238,25.66563148,2.202899359
5.866365911,25.7028045,2.203506621
5.868883584,25.73997751,2.204113883
5.871401257,25.77715053,2.204721144
5.873918929,25.81432355,2.205328406
5.876436602,25.85149657,2.205935668
5.878954275,25.88866958,2.20654293
5.881471948,25.9258426,2.207150192
5.883989621,25.96301562,2.207757453
5.886507293,26.00018863,2.208364715
5.889024966,26.03736165,2.208971977
5.891542639,26.07453467,2.209579239
5.894060312,26.11170769,2.2101865
5.896577985,26.1488807,2.210793762
5.899095657,26.18605372,2.211401024
5.90161333,26.22322674,2.212008286
5.904131003,26.26039976,2.212615548
5.906648676,26.29757277,2.213222809
5.909166349,26.33474579,2.213830071
5.911684021,26.37191881,2.214437333
5.914201694,26.40909183,2.215044595
5.916719367,26.44626484,2.215651856
5.91923704,26.48343786,2.216259118
5.921754713,26.52061088,2.21686638
5.924272386,26.5577839,2.217473642
5.926790058,26.59495691,2.218080903
5.929307731,26.63212993,2.218688165
5.931825404,26.66930295,2.219295427
5.934343077,26.70647596,2.219902689
5.93686075,26.74364898,2.220509951
5.939378422,26.780822,2.221117212
5.941896095,26.81799502,2.221724474
5.944413768,26.85516803,2.222331736
5.946931441,26.89234105,2.222938998
5.949449114,26.92951407,2.223546259
5.951966786,26.96668709,2.224153521
5.954484459,27.0038601,2.224760783
5.957002132,27.04103312,2.225368045
5.959519805,27.07820614,2.225975307
5.962037478,27.11537916,2.226582568
5.96455515,27.15255217,2.22718983
5.967072823,27.18972519,2.227797092
5.969590496,27.22689821,2.228404354
5.972108169,27.26407122,2.229011615
5.974625842,27.30124424,2.229618877
5.977143514,27.33841726,2.230226139
5.979661187,27.37559028,2.230833401
5.98217886,27.41276329,2.231440662
5.984696533,27.44993631,2.232047924
5.987214206,27.48710933,2.232655186
5.989731879,27.52428235,2.233262448
5.992249551,27.56145536,2.23386971
5.994767224,27.59862838,2.234476971
5.997284897,27.6358014,2.235084233
5.99980257,27.67297442,2.235691495
6.002320243,27.71014743,2.236298757
6.004837915,27.74732045,2.236906018
6.007355588,27.78449347,2.23751328
6.009873261,27.82166648,2.238120542
6.012390934,27.8588395,2.238727804
6.014908607,27.89601252,2.239335066
6.017426279,27.93318554,2.239942327
6.019943952,27.97035855,2.240549589
6.022461625,28.00753157,2.241156851
6.024979298,28.04470459,2.241764113
6.027496971,28.08187761,2.242371374
6.030014643,28.11905062,2.242978636
6.032532316,28.15622364,2.243585898
6.035049989,28.19339666,2.24419316
6.037567662,28.23056968,2.244800421
6.040085335,28.26774269,2.245407683
6.042603007,28.30491571,2.246014945
6.04512068,28.34208873,2.246622207
6.047638353,28.37926175,2.247229469
6.050156026,28.41643476,2.24783673
6.052673699,28.45360778,2.248443992
6.055191372,28.4907808,2.249051254
6.057709044,28.52795381,2.249658516
6.060226717,28.56512683,2.250265777
6.06274439,28.60229985,2.250873039
6.065262063,28.63947287,2.251480301
6.067779736,28.67664588,2.252087563
6.070297408,28.7138189,2.252694825
6.072815081,28.75099192,2.253302086
6.075332754,28.78816494,2.253909348
6.077850427,28.82533795,2.25451661
6.0803681,28.86251097,2.255123872
6.082885772,28.89968399,2.255731133
6.085403445,28.93685701,2.256338395
6.087921118,28.97403002,2.256945657
6.090438791,29.01120304,2.257552919
6.092956464,29.04837606,2.258160181
6.095474136,29.08554907,2.258767442
6.097991809,29.12272209,2.259374704
6.100509482,29.15989511,2.259981966
6.103027155,29.19706813,2.260589228
6.105544828,29.23424114,2.261196489
6.1080625,29.27141416,2.261803751
6.110580173,29.30858718,2.262411013
6.113097846,29.3457602,2.263018275
6.115615519,29.38293321,2.263625536
6.118133192,29.42010623,2.264232798
6.120650865,29.45727925,2.26484006
6.123168537,29.49445227,2.265447322
6.12568621,29.53162528,2.266054584
6.128203883,29.5687983,2.266661845
6.130721556,29.60597132,2.267269107
6.133239229,29.64314434,2.267876369
6.135756901,29.68031735,2.268483631
6.138274574,29.71749037,2.269090892
6.140792247,29.75466339,2.269698154
6.14330992,29.7918364,2.270305416
6.145827593,29.82900942,2.270912678
6.148345265,29.86618244,2.27151994
6.150862938,29.90335546,2.272127201
6.153380611,29.94052847,2.272734463
6.155898284,29.97770149,2.273341725
6.158415957,30.01487451,2.273948987
6.160933629,30.05204753,2.274556248
6.163451302,30.08922054,2.27516351
6.165968975,30.12639356,2.275770772
6.168486648,30.16356658,2.276378034
6.171004321,30.2007396,2.276985295
6.173521993,30.23791261,2.277592557
6.176039666,30.27508563,2.278199819
6.178557339,30.31225865,2.278807081
6.181075012,30.34943166,2.279414343
6.183592685,30.38660468,2.280021604
6.186110358,30.4237777,2.280628866
6.18862803,30.46095072,2.281236128
6.191145703,30.49812373,2.28184339
6.193663376,30.53529675,2.282450651
6.196181049,30.57246977,2.283057913
6.198698722,30.60964279,2.283665175
6.201216394,30.6468158,2.284272437
6.203734067,30.68398882,2.284879699
6.20625174,30.72116184,2.28548696
6.208769413,30.75833486,2.286094222
6.211287086,30.79550787,2.286701484
6.213804758,30.83268089,2.287308746
6.216322431,30.86985391,2.287916007
6.218840104,30.90702693,2.288523269
6.221357777,30.94419994,2.289130531
6.22387545,30.98137296,2.289737793
6.226393122,31.01854598,2.290345054
6.228910795,31.05571899,2.290952316
6.231428468,31.09289201,2.291559578
6.233946141,31.13006503,2.29216684
6.236463814,31.16723805,2.292774102
6.238981486,31.20441106,2.293381363
6.241499159,31.24158408,2.293988625
6.244016832,31.2787571,2.294595887
6.246534505,31.31593012,2.295203149
6.249052178,31.35310313,2.29581041
6.251569851,31.39027615,2.296417672
6.254087523,31.42744917,2.297024934
6.256605196,31.46462219,2.297632196
6.259122869,31.5017952,2.298239458
6.261640542,31.53896822,2.298846719
6.264158215,31.57614124,2.299453981
6.266675887,31.61331425,2.300061243
6.26919356,31.65048727,2.300668505
6.271711233,31.68766029,2.301275766
6.274228906,31.72483331,2.301883028
6.276746579,31.76200632,2.30249029
6.279264251,31.79917934,2.303097552
6.281781924,31.83635236,2.303704814
6.284299597,31.87352538,2.304312075
6.28681727,31.91069839,2.304919337
6.289334943,31.94787141,2.305526599
6.291852615,31.98504443,2.306133861
6.294370288,32.02221745,2.306741122
6.296887961,32.05939046,2.307348384
6.299405634,32.09656348,2.307955646
6.301923307,32.1337365,2.308562908
6.304440979,32.17090952,2.309170169
6.306958652,32.20808253,2.309777431
6.309476325,32.24525555,2.310384693
6.311993998,32.28242857,2.310991955
6.314511671,32.31960158,2.311599217
6.317029344,32.3567746,2.312206478
6.319547016,32.39394762,2.31281374
6.322064689,32.43112064,2.313421002
6.324582362,32.46829365,2.314028264
6.327100035,32.50546667,2.314635525
6.329617708,32.54263969,2.315242787
6.33213538,32.57981271,2.315850049
6.334653053,32.61698572,2.316457311
6.337170726,32.65415874,2.317064573
6.339688399,32.69133176,2.317671834
6.342206072,32.72850478,2.318279096
6.344723744,32.76567779,2.318886358
6.347241417,32.80285081,2.31949362
6.34975909,32.84002383,2.320100881
6.352276763,32.87719684,2.320708143
6.354794436,32.91436986,2.321315405
6.357312108,32.95154288,2.321922667
6.359829781,32.9887159,2.322529928
6.362347454,33.02588891,2.32313719
6.364865127,33.06306193,2.323744452
6.3673828,33.10023495,2.324351714
6.369900472,33.13740797,2.324958976
6.372418145,33.17458098,2.325566237
6.374935818,33.211754,2.326173499
6.377453491,33.24892702,2.326780761
6.379971164,33.28610004,2.327388023
6.382488837,33.32327305,2.327995284
6.385006509,33.36044607,2.328602546
6.387524182,33.39761909,2.329209808
6.390041855,33.43479211,2.32981707
6.392559528,33.47196512,2.330424332
6.395077201,33.50913814,2.331031593
6.397594873,33.54631116,2.331638855
6.400112546,33.58348417,2.332246117
6.402630219,33.62065719,2.332853379
6.405147892,33.65783021,2.33346064
6.407665565,33.69500323,2.334067902
6.410183237,33.73217624,2.334675164
6.41270091,33.76934926,2.335282426
6.415218583,33.80652228,2.335889687
6.417736256,33.8436953,2.336496949
6.420253929,33.88086831,2.337104211
6.422771601,33.91804133,2.337711473
6.425289274,33.95521435,2.338318735
6.427806947,33.99238737,2.338925996
6.43032462,34.02956038,2.339533258
6.432842293,34.0667334,2.34014052
6.435359965,34.10390642,2.340747782
6.437877638,34.14107943,2.341355043
6.440395311,34.17825245,2.341962305
6.442912984,34.21542547,2.342569567
6.445430657,34.25259849,2.343176829
6.44794833,34.2897715,2.343784091
6.450466002,34.32694452,2.344391352
6.452983675,34.36411754,2.344998614
6.455501348,34.40129056,2.345605876
6.458019021,34.43846357,2.346213138
6.460536694,34.47563659,2.346820399
6.463054366,34.51280961,2.347427661
6.465572039,34.54998263,2.348034923
6.468089712,34.58715564,2.348642185
6.470607385,34.62432866,2.349249446
6.473125058,34.66150168,2.349856708
6.47564273,34.6986747,2.35046397
6.478160403,34.73584771,2.351071232
6.480678076,34.77302073,2.351678494
6.483195749,34.81019375,2.352285755
6.485713422,34.84736676,2.352893017
6.488231094,34.88453978,2.353500279
6.490748767,34.9217128,2.354107541
6.49326644,34.95888582,2.354714802
6.495784113,34.99605883,2.355322064
6.498301786,35.03323185,2.355929326
6.500819458,35.07040487,2.356536588
6.503337131,35.10757789,2.35714385
6.505854804,35.1447509,2.357751111
6.508372477,35.18192392,2.358358373
6.51089015,35.21909694,2.358965635
6.513407823,35.25626996,2.359572897
6.515925495,35.29344297,2.360180158
6.518443168,35.33061599,2.36078742
6.520960841,35.36778901,2.361394682
6.523478514,35.40496202,2.362001944
6.525996187,35.44213504,2.362609206
6.528513859,35.47930806,2.363216467
6.531031532,35.51648108,2.363823729
6.533549205,35.55365409,2.364430991
6.536066878,35.59082711,2.365038253
6.538584551,35.62800013,2.365645514
6.541102223,35.66517315,2.366252776
6.543619896,35.70234616,2.366860038
6.546137569,35.73951918,2.3674673
6.548655242,35.7766922,2.368074561
6.551172915,35.81386522,2.368681823
6.553690587,35.85103823,2.369289085
6.55620826,35.88821125,2.369896347
6.558725933,35.92538427,2.370503609
6.561243606,35.96255729,2.37111087
6.563761279,35.9997303,2.371718132
6.566278951,36.03690332,2.372325394
6.568796624,36.07407634,2.372932656
6.571314297,36.11124935,2.373539917
6.57383197,36.14842237,2.374147179
6.576349643,36.18559539,2.374754441
6.578867315,36.22276841,2.375361703
6.581384988,36.25994142,2.375968965
6.583902661,36.29711444,2.376576226
6.586420334,36.33428746,2.377183488
6.588938007,36.37146048,2.37779075
6.59145568,36.40863349,2.378398012
6.593973352,36.44580651,2.379005273
6.596491025,36.48297953,2.379612535
6.599008698,36.52015255,2.380219797
6.601526371,36.55732556,2.380827059
6.604044044,36.59449858,2.38143432
6.606561716,36.6316716,2.382041582
6.609079389,36.66884461,2.382648844
6.611597062,36.70601763,2.383256106
6.614114735,36.74319065,2.383863368
6.616632408,36.78036367,2.384470629
6.61915008,36.81753668,2.385077891
6.621667753,36.8547097,2.385685153
6.624185426,36.89188272,2.386292415
6.626703099,36.92905574,2.386899676
6.629220772,36.96622875,2.387506938
6.631738444,37.00340177,2.3881142
6.634256117,37.04057479,2.388721462
6.63677379,37.07774781,2.389328724
6.639291463,37.11492082,2.389935985
6.641809136,37.15209384,2.390543247
6.644326808,37.18926686,2.391150509
6.646844481,37.22643988,2.391757771
6.649362154,37.26361289,2.392365032
6.651879827,37.30078591,2.392972294
6.6543975,37.33795893,2.393579556
6.656915173,37.37513194,2.394186818
6.659432845,37.41230496,2.394794079
6.661950518,37.44947798,2.395401341
6.664468191,37.486651,2.396008603
6.666985864,37.52382401,2.396615865
6.669503537,37.56099703,2.397223127
6.672021209,37.59817005,2.397830388
6.674538882,37.63534307,2.39843765
6.677056555,37.67251608,2.399044912
6.679574228,37.7096891,2.399652174
6.682091901,37.74686212,2.400259435
6.684609573,37.78403514,2.400866697
6.687127246,37.82120815,2.401473959
6.689644919,37.85838117,2.402081221
6.692162592,37.89555419,2.402688483
6.694680265,37.9327272,2.403295744
6.697197937,37.96990022,2.403903006
6.69971561,38.00707324,2.404510268
6.702233283,38.04424626,2.40511753
6.704750956,38.08141927,2.405724791
6.707268629,38.11859229,2.406332053
6.709786301,38.15576531,2.406939315
6.712303974,38.19293833,2.407546577
6.714821647,38.23011134,2.408153839
6.71733932,38.26728436,2.4087611
6.719856993,38.30445738,2.409368362
6.722374666,38.3416304,2.409975624
6.724892338,38.37880341,2.410582886
6.727410011,38.41597643,2.411190147
6.729927684,38.45314945,2.411797409
6.732445357,38.49032246,2.412404671
6.73496303,38.52749548,2.413011933
6.737480702,38.5646685,2.413619194
6.739998375,38.60184152,2.414226456
6.742516048,38.63901453,2.414833718
6.745033721,38.67618755,2.41544098
6.747551394,38.71336057,2.416048242
6.750069066,38.75053359,2.416655503
6.752586739,38.7877066,2.417262765
6.755104412,38.82487962,2.417870027
6.757622085,38.86205264,2.418477289
6.760139758,38.89922566,2.41908455
6.76265743,38.93639867,2.419691812
6.765175103,38.97357169,2.420299074
6.767692776,39.01074471,2.420906336
6.770210449,39.04791773,2.421513598
6.772728122,39.08509074,2.422120859
6.775245794,39.12226376,2.422728121
6.777763467,39.15943678,2.423335383
6.78028114,39.19660979,2.423942645
6.782798813,39.23378281,2.424549906
6.785316486,39.27095583,2.425157168
6.787834159,39.30812885,2.42576443
6.790351831,39.34530186,2.426371692
6.792869504,39.38247488,2.426978953
6.795387177,39.4196479,2.427586215
6.79790485,39.45682092,2.428193477
6.800422523,39.49399393,2.428800739
6.802940195,39.53116695,2.429408001
6.805457868,39.56833997,2.430015262
6.807975541,39.60551299,2.430622524
6.810493214,39.642686,2.431229786
6.813010887,39.67985902,2.431837048
6.815528559,39.71703204,2.432444309
6.818046232,39.75420505,2.433051571
6.820563905,39.79137807,2.433658833
6.823081578,39.82855109,2.434266095
6.825599251,39.86572411,2.434873357
6.828116923,39.90289712,2.435480618
6.830634596,39.94007014,2.43608788
6.833152269,39.97724316,2.436695142
6.835669942,40.01441618,2.437302404
6.838187615,40.05158919,2.437909665
6.840705287,40.08876221,2.438516927
6.84322296,40.12593523,2.439124189
6.845740633,40.16310825,2.439731451
6.848258306,40.20028126,2.440338712
6.850775979,40.23745428,2.440945974
6.853293652,40.2746273,2.441553236
6.855811324,40.31180032,2.442160498
6.858328997,40.34897333,2.44276776
6.86084667,40.38614635,2.443375021
6.863364343,40.42331937,2.443982283
6.865882016,40.46049238,2.444589545
6.868399688,40.4976654,2.445196807
6.870917361,40.53483842,2.445804068
6.873435034,40.57201144,2.44641133
6.875952707,40.60918445,2.447018592
6.87847038,40.64635747,2.447625854
6.880988052,40.68353049,2.448233116
6.883505725,40.72070351,2.448840377
6.886023398,40.75787652,2.449447639
6.888541071,40.79504954,2.450054901
6.891058744,40.83222256,2.450662163
6.893576416,40.86939558,2.451269424
6.896094089,40.90656859,2.451876686
6.898611762,40.94374161,2.452483948
6.901129435,40.98091463,2.45309121
6.903647108,41.01808764,2.453698472
6.90616478,41.05526066,2.454305733
6.908682453,41.09243368,2.454912995
6.911200126,41.1296067,2.455520257
6.913717799,41.16677971,2.456127519
6.916235472,41.20395273,2.45673478
6.918753145,41.24112575,2.457342042
6.921270817,41.27829877,2.457949304
6.92378849,41.31547178,2.458556566
6.926306163,41.3526448,2.459163827
6.928823836,41.38981782,2.459771089
6.931341509,41.42699084,2.460378351
6.933859181,41.46416385,2.460985613
6.936376854,41.50133687,2.461592875
6.938894527,41.53850989,2.462200136
6.9414122,41.57568291,2.462807398
6.943929873,41.61285592,2.46341466
6.946447545,41.65002894,2.464021922
6.948965218,41.68720196,2.464629183
6.951482891,41.72437497,2.465236445
6.954000564,41.76154799,2.465843707
6.956518237,41.79872101,2.466450969
6.959035909,41.83589403,2.467058231
6.961553582,41.87306704,2.467665492
6.964071255,41.91024006,2.468272754
6.966588928,41.94741308,2.468880016
6.969106601,41.9845861,2.469487278
6.971624273,42.02175911,2.470094539
6.974141946,42.05893213,2.470701801
6.976659619,42.09610515,2.471309063
6.979177292,42.13327817,2.471916325
6.981694965,42.17045118,2.472523586
6.984212638,42.2076242,2.473130848
6.98673031,42.24479722,2.47373811
6.989247983,42.28197023,2.474345372
6.991765656,42.31914325,2.474952634
6.994283329,42.35631627,2.475559895
6.996801002,42.39348929,2.476167157
6.999318674,42.4306623,2.476774419
7.001836347,42.46783532,2.477381681
7.00435402,42.50500834,2.477988942
7.006871693,42.54218136,2.478596204
7.009389366,42.57935437,2.479203466
7.011907038,42.61652739,2.479810728
7.014424711,42.65370041,2.48041799
7.016942384,42.69087343,2.481025251
7.019460057,42.72804644,2.481632513
7.02197773,42.76521946,2.482239775
7.024495402,42.80239248,2.482847037
7.027013075,42.8395655,2.483454298
7.029530748,42.87673851,2.48406156
7.032048421,42.91391153,2.484668822
7.034566094,42.95108455,2.485276084
7.037083766,42.98825756,2.485883345
7.039601439,43.02543058,2.486490607
7.042119112,43.0626036,2.487097869
7.044636785,43.09977662,2.487705131
7.047154458,43.13694963,2.488312393
7.049672131,43.17412265,2.488919654
7.052189803,43.21129567,2.489526916
7.054707476,43.24846869,2.490134178
7.057225149,43.2856417,2.49074144
7.059742822,43.32281472,2.491348701
7.062260495,43.35998774,2.491955963
7.064778167,43.39716076,2.492563225
7.06729584,43.43433377,2.493170487
7.069813513,43.47150679,2.493777749
7.072331186,43.50867981,2.49438501
7.074848859,43.54585282,2.494992272
7.077366531,43.58302584,2.495599534
7.079884204,43.62019886,2.496206796
7.082401877,43.65737188,2.496814057
7.08491955,43.69454489,2.497421319
7.087437223,43.73171791,2.498028581
7.089954895,43.76889093,2.498635843
7.092472568,43.80606395,2.499243105
7.094990241,43.84323696,2.499850366
7.097507914,43.88040998,2.500457628
7.100025587,43.917583,2.50106489
7.102543259,43.95475602,2.501672152
7.105060932,43.99192903,2.502279413
7.107578605,44.02910205,2.502886675
7.110096278,44.06627507,2.503493937
7.112613951,44.10344809,2.504101199
7.115131624,44.1406211,2.50470846
7.117649296,44.17779412,2.505315722
7.120166969,44.21496714,2.505922984
7.122684642,44.25214015,2.506530246
7.125202315,44.28931317,2.507137508
7.127719988,44.32648619,2.507744769
7.13023766,44.36365921,2.508352031
7.132755333,44.40083222,2.508959293
7.135273006,44.43800524,2.509566555
7.137790679,44.47517826,2.510173816
7.140308352,44.51235128,2.510781078
7.142826024,44.54952429,2.51138834
7.145343697,44.58669731,2.511995602
7.14786137,44.62387033,2.512602864
7.150379043,44.66104335,2.513210125
7.152896716,44.69821636,2.513817387
7.155414388,44.73538938,2.514424649
7.157932061,44.7725624,2.515031911
7.160449734,44.80973541,2.515639172
7.162967407,44.84690843,2.516246434
7.16548508,44.88408145,2.516853696
7.168002752,44.92125447,2.517460958
7.170520425,44.95842748,2.518068219
7.173038098,44.9956005,2.518675481
7.175555771,45.03277352,2.519282743
7.178073444,45.06994654,2.519890005
7.180591117,45.10711955,2.520497267
7.183108789,45.14429257,2.521104528
7.185626462,45.18146559,2.52171179
7.188144135,45.21863861,2.522319052
7.190661808,45.25581162,2.522926314
7.193179481,45.29298464,2.523533575
7.195697153,45.33015766,2.524140837
7.198214826,45.36733068,2.524748099
7.200732499,45.40450369,2.525355361
7.203250172,45.44167671,2.525962623
7.205767845,45.47884973,2.526569884
7.208285517,45.51602274,2.527177146
7.21080319,45.55319576,2.527784408
7.213320863,45.59036878,2.52839167
7.215838536,45.6275418,2.528998931
7.218356209,45.66471481,2.529606193
7.220873881,45.70188783,2.530213455
7.223391554,45.73906085,2.530820717
7.225909227,45.77623387,2.531427978
7.2284269,45.81340688,2.53203524
7.230944573,45.8505799,2.532642502
7.233462245,45.88775292,2.533249764
7.235979918,45.92492594,2.533857026
7.238497591,45.96209895,2.534464287
7.241015264,45.99927197,2.535071549
7.243532937,46.03644499,2.535678811
7.24605061,46.073618,2.536286073
7.248568282,46.11079102,2.536893334
7.251085955,46.14796404,2.537500596
7.253603628,46.18513706,2.538107858
7.256121301,46.22231007,2.53871512
7.258638974,46.25948309,2.539322382
7.261156646,46.29665611,2.539929643
7.263674319,46.33382913,2.540536905
7.266191992,46.37100214,2.541144167
7.268709665,46.40817516,2.541751429
7.271227338,46.44534818,2.54235869
7.27374501,46.4825212,2.542965952
7.276262683,46.51969421,2.543573214
7.278780356,46.55686723,2.544180476
7.281298029,46.59404025,2.544787738
7.283815702,46.63121327,2.545394999
7.286333374,46.66838628,2.546002261
7.288851047,46.7055593,2.546609523
7.29136872,46.74273232,2.547216785
7.293886393,46.77990533,2.547824046
7.296404066,46.81707835,2.548431308
7.298921738,46.85425137,2.54903857
7.301439411,46.89142439,2.549645832
7.303957084,46.9285974,2.550253093
7.306474757,46.96577042,2.550860355
7.30899243,47.00294344,2.551467617
7.311510103,47.04011646,2.552074879
7.314027775,47.07728947,2.552682141
7.316545448,47.11446249,2.553289402
7.319063121,47.15163551,2.553896664
7.321580794,47.18880853,2.554503926
7.324098467,47.22598154,2.555111188
7.326616139,47.26315456,2.555718449
7.329133812,47.30032758,2.556325711
7.331651485,47.33750059,2.556932973
7.334169158,47.37467361,2.557540235
7.336686831,47.41184663,2.558147497
7.339204503,47.44901965,2.558754758
7.341722176,47.48619266,2.55936202
7.344239849,47.52336568,2.559969282
7.346757522,47.5605387,2.560576544
7.349275195,47.59771172,2.561183805
7.351792867,47.63488473,2.561791067
7.35431054,47.67205775,2.562398329
7.356828213,47.70923077,2.563005591
7.359345886,47.74640379,2.563612852
7.361863559,47.7835768,2.564220114
7.364381231,47.82074982,2.564827376
7.366898904,47.85792284,2.565434638
7.369416577,47.89509585,2.5660419
7.37193425,47.93226887,2.566649161
7.374451923,47.96944189,2.567256423
7.376969596,48.00661491,2.567863685
7.379487268,48.04378792,2.568470947
7.382004941,48.08096094,2.569078208
7.384522614,48.11813396,2.56968547
7.387040287,48.15530698,2.570292732
7.38955796,48.19247999,2.570899994
7.392075632,48.22965301,2.571507256
7.394593305,48.26682603,2.572114517
7.397110978,48.30399905,2.572721779
7.399628651,48.34117206,2.573329041
7.402146324,48.37834508,2.573936303
7.404663996,48.4155181,2.574543564
7.407181669,48.45269112,2.575150826
7.409699342,48.48986413,2.575758088
7.412217015,48.52703715,2.57636535
7.414734688,48.56421017,2.576972611
7.41725236,48.60138318,2.577579873
7.419770033,48.6385562,2.578187135
7.422287706,48.67572922,2.578794397
7.424805379,48.71290224,2.579401659
7.427323052,48.75007525,2.58000892
7.429840724,48.78724827,2.580616182
7.432358397,48.82442129,2.581223444
7.43487607,48.86159431,2.581830706
7.437393743,48.89876732,2.582437967
7.439911416,48.93594034,2.583045229
7.442429089,48.97311336,2.583652491
7.444946761,49.01028638,2.584259753
7.447464434,49.04745939,2.584867015
7.449982107,49.08463241,2.585474276
7.45249978,49.12180543,2.586081538
7.455017453,49.15897844,2.5866888
7.457535125,49.19615146,2.587296062
7.460052798,49.23332448,2.587903323
7.462570471,49.2704975,2.588510585
7.465088144,49.30767051,2.589117847
7.467605817,49.34484353,2.589725109
7.470123489,49.38201655,2.590332371
7.472641162,49.41918957,2.590939632
7.475158835,49.45636258,2.591546894
7.477676508,49.4935356,2.592154156
7.480194181,49.53070862,2.592761418
7.482711853,49.56788164,2.593368679
7.485229526,49.60505465,2.593975941
7.487747199,49.64222767,2.594583203
7.490264872,49.67940069,2.595190465
7.492782545,49.71657371,2.595797726
7.495300217,49.75374672,2.596404988
7.49781789,49.79091974,2.59701225
7.500335563,49.82809276,2.597619512
7.502853236,49.86526577,2.598226774
7.505370909,49.90243879,2.598834035
7.507888582,49.93961181,2.599441297
7.510406254,49.97678483,2.600048559
7.512923927,50.01395784,2.600655821
7.5154416,50.05113086,2.601263082
7.517959273,50.08830388,2.601870344
7.520476946,50.1254769,2.602477606
7.522994618,50.16264991,2.603084868
7.525512291,50.19982293,2.60369213
7.528029964,50.23699595,2.604299391
7.530547637,50.27416897,2.604906653
7.53306531,50.31134198,2.605513915
7.535582982,50.348515,2.606121177
7.538100655,50.38568802,2.606728438
7.540618328,50.42286103,2.6073357
7.543136001,50.46003405,2.607942962
7.545653674,50.49720707,2.608550224
7.548171346,50.53438009,2.609157485
7.550689019,50.5715531,2.609764747
7.553206692,50.60872612,2.610372009
7.555724365,50.64589914,2.610979271
7.558242038,50.68307216,2.611586533
7.56075971,50.72024517,2.612193794
7.563277383,50.75741819,2.612801056
7.565795056,50.79459121,2.613408318
7.568312729,50.83176423,2.61401558
7.570830402,50.86893724,2.614622841
7.573348074,50.90611026,2.615230103
7.575865747,50.94328328,2.615837365
7.57838342,50.9804563,2.616444627
7.580901093,51.01762931,2.617051889
7.583418766,51.05480233,2.61765915
7.585936439,51.09197535,2.618266412
7.588454111,51.12914836,2.618873674
7.590971784,51.16632138,2.619480936
7.593489457,51.2034944,2.620088197
7.59600713,51.24066742,2.620695459
7.598524803,51.27784043,2.621302721
7.601042475,51.31501345,2.621909983
7.603560148,51.35218647,2.622517244
7.606077821,51.38935949,2.623124506
7.608595494,51.4265325,2.623731768
7.611113167,51.46370552,2.62433903
7.613630839,51.50087854,2.624946292
7.616148512,51.53805156,2.625553553
7.618666185,51.57522457,2.626160815
7.621183858,51.61239759,2.626768077
7.623701531,51.64957061,2.627375339
7.626219203,51.68674362,2.6279826
7.628736876,51.72391664,2.628589862
7.631254549,51.76108966,2.629197124
7.633772222,51.79826268,2.629804386
7.636289895,51.83543569,2.630411648
7.638807567,51.87260871,2.631018909
7.64132524,51.90978173,2.631626171
7.643842913,51.94695475,2.632233433
7.646360586,51.98412776,2.632840695
7.648878259,52.02130078,2.633447956
7.651395932,52.0584738,2.634055218
7.653913604,52.09564682,2.63466248
7.656431277,52.13281983,2.635269742
7.65894895,52.16999285,2.635877004
7.661466623,52.20716587,2.636484265
7.663984296,52.24433889,2.637091527
7.666501968,52.2815119,2.637698789
7.669019641,52.31868492,2.638306051
7.671537314,52.35585794,2.638913312
7.674054987,52.39303095,2.639520574
7.67657266,52.43020397,2.640127836
7.679090332,52.46737699,2.640735098
7.681608005,52.50455001,2.641342359
7.684125678,52.54172302,2.641949621
7.686643351,52.57889604,2.642556883
7.689161024,52.61606906,2.643164145
7.691678696,52.65324208,2.643771407
7.694196369,52.69041509,2.644378668
7.696714042,52.72758811,2.64498593
7.699231715,52.76476113,2.645593192
7.701749388,52.80193415,2.646200454
7.70426706,52.83910716,2.646807715
7.706784733,52.87628018,2.647414977
7.709302406,52.9134532,2.648022239
7.711820079,52.95062621,2.648629501
7.714337752,52.98779923,2.649236763
7.716855425,53.02497225,2.649844024
7.719373097,53.06214527,2.650451286
7.72189077,53.09931828,2.651058548
7.724408443,53.1364913,2.65166581
7.726926116,53.17366432,2.652273071
7.729443789,53.21083734,2.652880333
7.731961461,53.24801035,2.653487595
7.734479134,53.28518337,2.654094857
7.736996807,53.32235639,2.654702118
7.73951448,53.35952941,2.65530938
7.742032153,53.39670242,2.655916642
7.744549825,53.43387544,2.656523904
7.747067498,53.47104846,2.657131166
7.749585171,53.50822148,2.657738427
7.752102844,53.54539449,2.658345689
7.754620517,53.58256751,2.658952951
7.757138189,53.61974053,2.659560213
7.759655862,53.65691354,2.660167474
7.762173535,53.69408656,2.660774736
7.764691208,53.73125958,2.661381998
7.767208881,53.7684326,2.66198926
7.769726553,53.80560561,2.662596522
7.772244226,53.84277863,2.663203783
7.774761899,53.87995165,2.663811045
7.777279572,53.91712467,2.664418307
7.779797245,53.95429768,2.665025569
7.782314918,53.9914707,2.66563283
7.78483259,54.02864372,2.666240092
7.787350263,54.06581674,2.666847354
7.789867936,54.10298975,2.667454616
7.792385609,54.14016277,2.668061877
7.794903282,54.17733579,2.668669139
7.797420954,54.2145088,2.669276401
7.799938627,54.25168182,2.669883663
7.8024563,54.28885484,2.670490925
7.804973973,54.32602786,2.671098186
7.807491646,54.36320087,2.671705448
7.810009318,54.40037389,2.67231271
7.812526991,54.43754691,2.672919972
7.815044664,54.47471993,2.673527233
7.817562337,54.51189294,2.674134495
7.82008001,54.54906596,2.674741757
7.822597682,54.58623898,2.675349019
7.825115355,54.623412,2.675956281
7.827633028,54.66058501,2.676563542
7.830150701,54.69775803,2.677170804
7.832668374,54.73493105,2.677778066
7.835186046,54.77210407,2.678385328
7.837703719,54.80927708,2.678992589
7.840221392,54.8464501,2.679599851
7.842739065,54.88362312,2.680207113
7.845256738,54.92079613,2.680814375
7.847774411,54.95796915,2.681421637
7.850292083,54.99514217,2.682028898
7.852809756,55.03231519,2.68263616
7.855327429,55.0694882,2.683243422
7.857845102,55.10666122,2.683850684
7.860362775,55.14383424,2.684457945
7.862880447,55.18100726,2.685065207
7.86539812,55.21818027,2.685672469
7.867915793,55.25535329,2.686279731
7.870433466,55.29252631,2.686886992
7.872951139,55.32969933,2.687494254
7.875468811,55.36687234,2.688101516
7.877986484,55.40404536,2.688708778
7.880504157,55.44121838,2.68931604
7.88302183,55.47839139,2.689923301
7.885539503,55.51556441,2.690530563
7.888057175,55.55273743,2.691137825
7.890574848,55.58991045,2.691745087
7.893092521,55.62708346,2.692352348
7.895610194,55.66425648,2.69295961
7.898127867,55.7014295,2.693566872
7.900645539,55.73860252,2.694174134
7.903163212,55.77577553,2.694781396
7.905680885,55.81294855,2.695388657
7.908198558,55.85012157,2.695995919
7.910716231,55.88729459,2.696603181
7.913233904,55.9244676,2.697210443
7.915751576,55.96164062,2.697817704
7.918269249,55.99881364,2.698424966
7.920786922,56.03598666,2.699032228
7.923304595,56.07315967,2.69963949
7.925822268,56.11033269,2.700246751
7.92833994,56.14750571,2.700854013
7.930857613,56.18467872,2.701461275
7.933375286,56.22185174,2.702068537
7.935892959,56.25902476,2.702675799
7.938410632,56.29619778,2.70328306
7.940928304,56.33337079,2.703890322
7.943445977,56.37054381,2.704497584
7.94596365,56.40771683,2.705104846
7.948481323,56.44488985,2.705712107
7.950998996,56.48206286,2.706319369
7.953516668,56.51923588,2.706926631
7.956034341,56.5564089,2.707533893
7.958552014,56.59358192,2.708141155
7.961069687,56.63075493,2.708748416
7.96358736,56.66792795,2.709355678
7.966105032,56.70510097,2.70996294
7.968622705,56.74227398,2.710570202
7.971140378,56.779447,2.711177463
7.973658051,56.81662002,2.711784725
7.976175724,56.85379304,2.712391987
7.978693397,56.89096605,2.712999249
7.981211069,56.92813907,2.71360651
7.983728742,56.96531209,2.714213772
7.986246415,57.00248511,2.714821034
7.988764088,57.03965812,2.715428296
7.991281761,57.07683114,2.716035558
7.993799433,57.11400416,2.716642819
7.996317106,57.15117718,2.717250081
7.998834779,57.18835019,2.717857343
8.001352452,57.22552321,2.718464605
8.003870125,57.26269623,2.719071866
8.006387797,57.29986924,2.719679128
8.00890547,57.33704226,2.72028639
8.011423143,57.37421528,2.720893652
8.013940816,57.4113883,2.721500914
8.016458489,57.44856131,2.722108175
8.018976161,57.48573433,2.722715437
8.021493834,57.52290735,2.723322699
8.024011507,57.56008037,2.723929961