Time,Angle,PWM_Voltage
26.409,1.09964739911613,1.7009678102712
26.432,0.972941906613406,1.70046247852193
26.455,0.844871140045591,1.70098519684177
26.477,0.729431988642997,1.70277051186995
26.5,0.652228407967082,1.70501833051366
26.523,0.639891714901498,1.70643222431796
26.546,0.709148286271533,1.70635925287513
26.569,0.862405781013411,1.70523750145631
26.592,1.0901741090363,1.70379872590744
26.615,1.37734621016656,1.70244109106115
26.638,1.71050133130665,1.70159110413684
26.661,2.08305940693617,1.70203771577196
26.683,2.49433484959183,1.70435129021194
26.706,2.94168344323522,1.70796090418948
26.729,3.4116482723023,1.71118245711948
26.752,3.87821898308831,1.71268160090631
26.775,4.30937539781517,1.71270972161821
26.798,4.67499116657413,1.71267408052876
26.821,4.95023437954291,1.71396159693819
26.844,5.1158740326138,1.71692998876663
26.866,5.15921648409777,1.7206712019602
26.889,5.07558597359069,1.72386865252929
26.912,4.86926075057533,1.72554317283015
26.935,4.55557690281633,1.72547930733735
26.958,4.16480302124476,1.7248528530562
26.981,3.74384644463373,1.72535582272271
27.004,3.35196676513923,1.7270854443254
27.097,3.05028467697484,1.72844688149427
27.12,2.88607574483782,1.72791780962827
27.143,2.87592441400626,1.7252211893484
27.166,2.99691315640132,1.7214430057483
27.189,3.19312327173111,1.7182657239265
27.212,3.39482033326271,1.71668955172142
27.235,3.53876377729183,1.71658970876295
27.257,3.58067112910609,1.71712666060499
27.28,3.49966199164694,1.71698105527196
27.303,3.29719463053176,1.71503673315456
27.326,2.99341170865005,1.71154097155119
27.349,2.62393637115688,1.70815001898868
27.372,2.23582183867836,1.70669104276023
27.395,1.87920915617174,1.70778029229982
27.418,1.59593741828879,1.71051902111333
27.44,1.41072655321992,1.71381359463315
27.463,1.32908948339886,1.71728960146978
27.486,1.34193159869944,1.72022575513369
27.509,1.43399364135212,1.72139025211531
27.532,1.59243403122228,1.72070384186323
27.555,1.81249169936098,1.71916269007321
27.578,2.09728814469352,1.71757090692513
27.601,2.44914265806888,1.71663121533627
27.624,2.85586774972817,1.71666769262766
27.646,3.28342609030245,1.71672678098574
27.669,3.68265105789696,1.71529426112945
27.692,4.0045397135586,1.71184029463785
27.715,4.21312103909661,1.70750458812064
27.738,4.29090724047352,1.7045578850956
27.761,4.23881219196926,1.7047508152054
27.784,4.07365047921365,1.70799273027858
27.807,3.8246762968558,1.71259021821119
27.829,3.53047011169945,1.71664342965644
27.852,3.2361382547509,1.71922153426103
27.875,2.98820330108272,1.72038030483399
27.898,2.82630535282665,1.72070251382711
27.921,2.77516466449162,1.72077763129132
27.944,2.84188773642193,1.72017812875082
27.967,3.0199950213089,1.71671233815542
27.99,3.29497934207711,1.70738481430771
28.012,3.64451908157319,1.69044013372169
28.108,4.03449702314697,1.66663364023353
28.131,4.42169323248745,1.63876928414423
28.154,4.76692542958388,1.60994118619761
28.177,5.04692401899413,1.58222277463562
28.2,5.25600139474426,1.5569386301237
28.223,5.40066757896975,1.53585381911395
28.245,5.49364135455533,1.5209581318733
28.268,5.5512664280777,1.51242068383757
28.291,5.59388256553572,1.50820387722086
28.314,5.64565232219192,1.50601332716011
28.337,5.73162723908066,1.5046627440911
28.36,5.87263627460714,1.50393658039988
28.383,6.08022381760472,1.50353552362908
28.406,6.35415303516601,1.50243732085739
28.428,6.68392143607771,1.49997254445294
28.451,7.05332597490176,1.49698117378595
28.474,7.44523954508642,1.49498276405265
28.497,7.84427346366031,1.49487251397662
28.52,8.23682698923835,1.49681999931426
28.543,8.60927146777398,1.50030673176249
28.566,8.9456374574224,1.50411500547753
28.589,9.22699352839441,1.50712102812956
28.612,9.43447306508219,1.50887976618566
28.634,9.5549094967464,1.50938755765866
28.657,9.58548415531943,1.50890452974853
28.68,9.53503320509108,1.50784210404277
28.703,9.42227425822344,1.50628281272773
28.726,9.27229534167976,1.50375255237429
28.749,9.11207347115408,1.50017671476421
28.772,8.9653032838962,1.496608582405
28.795,8.84788864982049,1.49409163770594
28.817,8.7660036798058,1.49274183266696
28.84,8.71691106945209,1.49253399132606
28.863,8.69145388223441,1.49367436026439
28.886,8.67748073249624,1.4957372561214
28.909,8.66351114146245,1.4976447789045
28.932,8.6415068165418,1.4986987284715
28.955,8.60737671207003,1.49869155124324
28.978,8.55935445181892,1.49760649059183
29,8.49595043950749,1.49641396918144
29.096,8.4156903209917,1.49745294997607
29.119,8.31837443441699,1.50313431368316
29.142,8.1931926178639,1.51474036155071
29.165,7.97405485541034,1.53153020543536
29.188,7.47217197435531,1.54821809416485
29.211,6.32794699207724,1.55170680141665
29.233,4.02134645485116,1.52010408215628
29.256,-0.0348815218992068,1.42614324135216
29.279,-6.2611540628474,1.24684763936629
29.302,-14.4238145314457,0.983009969808272
2.992,-23.2261096961973,0.676766820705978
3.016,-30.8340687363395,0.394428627682815
3.111,-36.0795059798039,0.182470268464307
3.135,-38.9289087257228,0.0496258204799319
3.159,-40.005667791861,-0.0179610805567395
3.182,-40.0440035721334,-0.0410147901786427
3.206,-39.6279811006761,-0.0394647931413417
3.23,-39.1221780578303,-0.0281766400633526
3.254,-38.7025015272374,-0.0159144359424286
3.278,-38.4192777912832,-0.00655882905931894
3.302,-38.2560831759709,-0.000927421083040492
3.326,-38.1713656622595,0.00164733663780039
3.35,-38.1230094429482,0.00226609847046238
3.374,-38.0806077400431,0.00191147139895837
3.398,-38.0302902647411,0.00125223924112197
3.422,-37.9759289925358,0.000646931406869048
3.446,-37.9395361268397,0.000228471974050996
3.47,-37.9613487838707,-7.87203928737413e-07
3.493,-38.0962839501145,-9.54726263849911e-05
3.517,-38.3998476616991,-0.000121938954408462
3.541,-38.8944713670319,-0.000135718598722703
3.565,-39.5288547872805,-0.000171957042319633
3.589,-40.1814868396359,-0.000239883402018008
3.613,-40.7254479503257,-0.000315605421446957
3.637,-41.0882883873397,-0.000332236562299358
3.661,-41.25341955445,-0.000172439546362491
3.685,-41.2294295059236,0.000324159734732375
3.709,-41.0336501779296,0.00131864762097017
3.733,-40.6952458044142,0.00287103541727962
3.757,-40.25588701829,0.0047595754101743
3.78,-39.7637886933541,0.00635880256501177
3.804,-39.2751982551802,0.00689071110121086
3.828,-38.8603986091734,0.00600495315801621
3.852,-38.5933928604962,0.00411274303113133
3.876,-38.5219088365019,0.0021099919736177
3.9,-38.6421599297007,0.000838384085444387
3.924,-38.9010390380272,0.000835275830072846
3.948,-39.222835970062,0.00237830377097187
3.972,-39.5396009207532,0.00559372333138646
3.996,-39.8071478419025,0.0107022330376062
4.02,-40.0027644541565,0.018226066861014
4.114,-40.1149935674348,0.0286923272897675
4.138,-40.1405774799477,0.0420091172412777
4.162,-40.0884966721001,0.0571489113174259
4.186,-39.9782702459459,0.072480909333108
4.21,-39.8317896025638,0.0864964409683353
4.234,-39.6674046374944,0.0982141337958223
4.258,-39.4981699214517,0.107131440388086
4.282,-39.3321061919444,0.113164424208584
4.306,-39.1733532191186,0.116625654418475
4.33,-39.0234804288737,0.118124689131478
4.354,-38.8824623309036,0.118388887752346
4.377,-38.7493307197509,0.118056145226672
4.401,-38.6227482465818,0.117572045946594
4.425,-38.5014802437849,0.117209255052715
4.449,-38.3846063279688,0.117128852031662
4.473,-38.2714834859636,0.117430109714453
4.497,-38.1616592899489,0.118155920404271
4.521,-38.054933458421,0.119235882472875
4.545,-37.9514988305822,0.120496774652363
4.569,-37.851898053397,0.121884183854079
4.593,-37.7567106769963,0.123509473488517
4.617,-37.666255275918,0.125263000741987
4.641,-37.5806495168366,0.126669415354029
4.664,-37.5000454403527,0.127281683320382
4.688,-37.4245575465124,0.127001558702327
4.712,-37.3539073021557,0.126112538159815
4.736,-37.2872581805001,0.125171992424806
4.76,-37.2235363808043,0.124721988126414
4.784,-37.1620257968822,0.125010546363326
4.808,-37.1027238059131,0.125916863180559
4.832,-37.0461339338652,0.127043344123292
4.856,-36.9926243709264,0.127987642560425
4.88,-36.9418602158073,0.128576287995157
4.904,-36.8928236718378,0.128845715769254
4.928,-36.8445897061456,0.128935238136919
4.952,-36.7973950919086,0.129027242003826
4.975,-36.753000498008,0.129315317126003
4.999,-36.7135775039083,0.129970958770232
5.023,-36.67908453037,0.131077638762815
5.118,-36.6452948731851,0.132507813054568
5.142,-36.606130235339,0.133738990091378
5.166,-36.5586569141634,0.133647573671843
5.19,-36.5047844512204,0.130390808466714
5.214,-36.4490974197154,0.12158540063731
5.238,-36.3964225114581,0.105092058481122
5.261,-36.3506753240925,0.08088937152417
5.285,-36.3151962660156,0.0529594167237644
5.309,-36.2940537966646,0.0277818989330597
5.333,-36.2919465141152,0.00989243657911738
5.357,-36.3106063254409,-0.000161550811654171
5.381,-36.3439028109118,-0.00426826401293122
5.405,-36.3776171071961,-0.00481185514604033
5.429,-36.3963642809027,-0.00373791095080463
5.453,-36.3921321195609,-0.00228601684577526
5.477,-36.3671816935364,-0.00106985299173181
5.501,-36.3300860619847,-0.000279140828695358
5.525,-36.2891014297671,0.000122599193879711
5.548,-36.2479066344246,0.000255377455666857
5.572,-36.2059263712194,0.000241299840476283
5.596,-36.1615136759018,0.000170382851080606
5.62,-36.1148914582874,9.50985523066801e-05
5.644,-36.0689992691807,3.82546922690381e-05
5.668,-36.027811657537,4.2609223707386e-06
5.692,-35.9932129817814,-1.123483311714e-05
5.716,-35.962758983466,-1.49673178452457e-05
5.74,-35.9300860941835,-1.27271630278509e-05
5.764,-35.8880438017671,-8.19198073896396e-06
5.788,-35.8333459289753,-2.9971474689037e-06
5.812,-35.7713210704193,2.60856301267136e-06
5.836,-35.7199969362024,8.86873443638607e-06
5.859,-35.7130123018442,1.55091816637383e-05
5.883,-35.7997280730103,2.06580587833912e-05
5.907,-36.038292500819,1.98397852516134e-05
5.931,-36.4740295309874,5.46163438923717e-06
5.955,-37.1100232127956,-3.23724098782307e-05
5.979,-37.9037837005843,-0.000102453210467193
6.003,-38.7951571072762,-0.000205018709433161
6.099,-39.7230918237915,-0.000319373201409347
6.123,-40.6255441461846,-0.000387623442194104
6.146,-41.4535256198825,-0.000299615758106601
6.17,-42.1916568595072,0.000109387270861103
6.194,-42.8535085744268,0.00102865851460113
6.218,-43.4519870929336,0.00258318232174793
6.242,-43.9831432681911,0.00466050659986273
6.266,-44.4440507032371,0.00664649672946498
6.29,-44.854321217476,0.00749892229751074
6.314,-45.2518565250285,0.00664649566598654
6.338,-45.668867752609,0.00466050533716774
6.362,-46.1085264294903,0.00258318269970724
6.386,-46.5396344100241,0.0010286634091451
6.41,-46.9121554567439,0.000109400273715495
6.434,-47.1797188957481,-0.00029959151936883
6.457,-47.3126334058404,-0.000387587873186795
6.481,-47.2998657757524,-0.000319333524101896
6.505,-47.1536774476305,-0.000204995098401611
6.529,-46.9186983508965,-0.000102484011514339
6.553,-46.6709786560374,-3.25149227608941e-05
6.577,-46.4994844684035,5.14164097513467e-06
6.601,-46.472002067955,1.92990074633104e-05
6.625,-46.6024952851636,1.99359116375634e-05
6.649,-46.8489781934235,1.48196971795684e-05
6.673,-47.1459770998346,8.70904874630173e-06
6.697,-47.4413141982207,3.83667823366501e-06
6.721,-47.7049416513212,7.90139175227373e-07
6.744,-47.9093099308947,-6.80673234659934e-07
6.768,-48.0183600128456,-1.10416695006934e-06
6.792,-48.0114050709118,-9.81058296429277e-07
6.816,-47.9167795898824,-6.65528623120058e-07
6.84,-47.812353061523,-3.55703807516922e-07
6.864,-47.7816268921012,-1.31831237468332e-07
6.888,-47.8586846674495,-3.84543386012656e-09
6.912,-48.0088135856179,5.00248895799942e-08
6.936,-48.1553314138558,5.87648746744783e-08
6.96,-48.2231528018919,4.65167516239225e-08
6.984,-48.1669568222249,2.89095059700879e-08
7.008,-47.9732639364784,1.38408122532726e-08
7.102,-47.6480681470361,3.88588828018235e-09
7.126,-47.2089020867776,-1.2720148778035e-09
7.15,-46.6841411693657,-3.0579890963526e-09
7.174,-46.1084694161783,-2.97013213975122e-09
7.198,-45.5137603525323,-2.13246033976769e-09
7.222,-44.9236621841633,-1.21128529694793e-09
7.246,-44.353610576712,-5.04192441291889e-10
7.27,-43.8126483525371,-7.62616235941029e-11
7.294,-43.3047315022313,1.20965896653214e-10
7.318,-42.8297735655979,1.69742581439936e-10
7.341,-42.3851266642003,1.44077545583053e-10
7.365,-41.9670421277714,9.46078165718555e-11
7.389,-41.5716993564899,4.86594486630413e-11
7.413,-41.1960867312951,1.65625432129445e-11
7.437,-40.8384819560386,-1.1560342057128e-12
7.461,-40.4980395898148,-8.15836886423962e-12
7.485,-40.1740683938948,-8.84764377678239e-12
7.509,-39.8658175757744,-6.74489662526448e-12
7.533,-39.5725268928627,-4.0569638438829e-12
7.557,-39.2930639488199,-1.85272646716469e-12
7.581,-39.0252155412287,-4.42909070335457e-13
7.605,-38.7653692440122,2.58572014689356e-13
7.628,-38.5094224979772,4.78376343338409e-13
7.652,-38.255718647381,4.40035892425679e-13
7.676,-38.0103863791207,3.05477926438927e-13
7.7,-37.7943417354625,1.67507794262757e-13
7.724,-37.6494166372115,6.53563666476682e-14
7.748,-37.6386902161816,5.55356762766206e-15
7.772,-37.833450744686,-2.06315930836687e-14
7.796,-38.2769232134931,-2.58740302276419e-14
7.82,-38.9372024844668,-2.10567574805317e-14
7.844,-39.702212378502,-1.33866222203126e-14
7.868,-40.4362540024318,-6.60838504471734e-15
7.892,-41.0390925271286,-2.0272361867946e-15
7.916,-41.4616118542461,4.1086052385267e-16
7.939,-41.6945990919654,1.30645198467469e-15
7.963,-41.7579024985687,1.32364535771164e-15
7.987,-41.694296412677,9.73595433904496e-16
8.011,-41.5610152291688,5.66397634723694e-16
8.107,-41.4230716454259,2.45479421475882e-16
8.131,-41.353580701419,4.67676746627209e-17
8.155,-41.4250647713453,-4.78809298431524e-17
8.179,-41.6798648989223,-7.40343661181641e-17
8.203,-42.1012228724182,-6.48561741261394e-17
8.226,-42.6132179942575,-4.35684992549406e-17
8.25,-43.11099852837,-2.30230192577779e-17
8.274,-43.5007049548365,-8.32204006893641e-18
8.298,-43.7266894430737,7.9491050260822e-21
8.322,-43.7768715897066,3.46997627527533e-18
8.346,-43.6718246867894,3.99493462763753e-18
8.37,-43.448357309538,3.1607346543356e-18
8.394,-43.1455505829519,1.96057683332448e-18
8.418,-42.796522293732,8.624921353557e-19
8.442,-42.425703885803,-2.02650559116294e-20
8.466,-42.0495679745004,-7.45541124005947e-19
8.49,-41.6784064681176,-1.38149543823367e-18
8.514,-41.3178278924072,-1.87267718383005e-18
8.537,-40.9699667628468,-1.93275555738614e-18
8.561,-40.6347311528862,-9.83142142771202e-19
8.585,-40.3110649488996,1.80658362158664e-18
8.609,-39.9980966278156,7.27796840351913e-18
8.633,-39.6960280384218,1.57174678720483e-17
8.657,-39.4063314701389,2.58662300349743e-17
8.681,-39.1310146454608,3.35426778789645e-17
8.705,-38.8715083392769,3.02213712920416e-17
8.729,-38.6279788119689,2.43094769323306e-18
8.753,-38.3993473286934,-6.64721853460142e-17
8.777,-38.1838975391212,-1.89934947344254e-16
8.801,-37.980155474556,-3.64869761372359e-16
8.824,-37.787484649055,-5.50152411821364e-16
8.848,-37.6059974906572,-6.39396225567409e-16
8.872,-37.4358480524202,-4.37656245799422e-16
8.896,-37.2763343418992,3.37119526121136e-16
8.92,-37.125424418983,1.99363848297113e-15
8.944,-36.9800151540223,4.70339823629049e-15
8.968,-36.8367631655958,8.1934129562409e-15
8.992,-36.6932454654929,1.12923812242634e-14
9.016,-36.5494080229891,1.14184601978258e-14
9.11,-36.4084775175788,4.26039087473103e-15
9.134,-36.2754686986905,-1.58645618517331e-14
9.158,-36.1541505917693,-5.42470665076227e-14
9.182,-36.0458669403212,-1.11769861589652e-13
9.206,-35.9503335899367,-1.78060614103147e-13
9.23,-35.8662426641844,-2.22261611930982e-13
9.254,-35.7915050281024,-1.84059546154786e-13
9.278,-35.7237922541913,2.87914083277931e-14
9.302,-35.6611035186513,5.25597685460324e-13
9.326,-35.6020346777391,1.38554816883222e-12
9.35,-35.545935374305,2.5631123080054e-12
9.374,-35.4929454604366,3.7403906190261e-12
9.398,-35.4436254046539,4.14746757115426e-12
9.421,-35.398276792323,2.42267460768584e-12
9.445,-35.3565533126328,-3.33912886221343e-12
9.469,-35.3178063032812,-1.51143644342437e-11
9.493,-35.2817876166339,-3.37602738426471e-11
9.517,-35.2489244979978,-5.68625955823944e-11
9.541,-35.2199104319636,-7.56599886625527e-11
9.565,-35.1950025738053,-7.17422035618973e-11
9.589,-35.1736157570465,-1.53583495005444e-11
9.613,-35.1545011400584,1.31268652499148e-10
9.637,-35.1362111439913,4.00666714141975e-10
9.661,-35.1175008411877,7.91386446390974e-10
9.685,-35.0977424039798,1.22061679601307e-09
9.708,-35.0773702861372,1.46257852515389e-09
9.732,-35.0579325819428,1.09273303144113e-09
9.756,-35.041402865553,-5.17454333317747e-10
9.78,-35.029069258285,-4.07986125331244e-09
9.804,-35.0207647145304,-1.00429541731579e-08
9.828,-35.0150397934299,-1.79239605385072e-08
9.852,-35.0101488458899,-2.52997645813785e-08
9.876,-35.0048939606031,-2.66306553742954e-08
9.9,-34.9986342060953,-1.24480023938842e-08
9.924,-34.9908690322119,3.00455022454291e-08
9.948,-34.9809975382016,1.13346038060942e-07
9.972,-34.968374137537,2.41052383898928e-07
9.996,-34.9527947564968,3.92857337699811e-07
10.019,-34.9355176191366,5.03815620702194e-07
10.115,-34.9197394780734,4.4329792927593e-07
10.14,-34.9087863401981,6.94103242264685e-09
10.165,-34.9033560366788,-1.05465789511769e-06
10.19,-34.9013712626049,-2.9369906729611e-06
10.215,-34.9002999048196,-5.57717119031581e-06
10.24,-34.8989408759423,-8.32750472079352e-06
10.265,-34.8976307958349,-9.54696967874105e-06
10.29,-34.8976823984211,-6.26086597597161e-06
10.315,-34.9007282299071,5.79193963932507e-06
10.34,-34.9080825850306,3.12037068533991e-05
10.365,-34.9202427528318,7.2367183263956e-05
10.39,-34.9368928967291,0.000124782880876909
10.415,-34.9572453634232,0.000170196086820234
10.44,-34.9800616142858,0.000168962349682944
10.465,-35.003555983878,5.55341467582169e-05
10.49,-35.0260154381855,-0.000255541410691275
10.514,-35.0467562882202,-0.00084208248798709
10.539,-35.0660703795722,-0.00171254776596948
10.564,-35.0840876715664,-0.00270184568889291
10.589,-35.1000700624814,-0.00333237367212438
10.614,-35.1129584287708,-0.00268165736428325
10.639,-35.1221966287383,0.000647506190598108
10.664,-35.1279876194336,0.00828907720123084
10.689,-35.1313217316264,0.0215148149695212
10.714,-35.1337718834434,0.0405570480640982
10.739,-35.1368329956902,0.0644491701758273
10.764,-35.1414572523926,0.0916104761610861
10.789,-35.1481798124473,0.120544693100775
10.814,-35.1572260679523,0.149965521712451
10.839,-35.1680446748205,0.178712234211589
10.864,-35.1787307389432,0.206097470736211
10.889,-35.1864572630205,0.232354228667937
10.914,-35.1890474218573,0.258591465552102
10.939,-35.1862067993672,0.286342388635371
10.964,-35.1793129947606,0.317078775987706
10.989,-35.1704503500411,0.351849551210083
11.014,-35.1617113949725,0.390672618094826
11.109,-35.1549660533306,0.43181313826363
11.134,-35.1518821881301,0.472441696313746
11.159,-35.1539650913562,0.510402207632818
11.184,-35.162615899175,0.54472107906762
11.209,-35.1792910302307,0.57519297972747
11.234,-35.2055565909782,0.602684415625368
11.259,-35.2428642724659,0.628753637725748
11.284,-35.2925197976741,0.65404871509062
11.309,-35.3556788575591,0.67817204191338
11.334,-35.4320934489434,0.700677452300419
11.359,-35.5182759129125,0.721120881967635
11.384,-35.6070609763115,0.739517437537958
11.409,-35.6890872414674,0.756746860839105
11.434,-35.7556998120788,0.773193509340832
11.459,-35.8010095538888,0.788264158436634
11.484,-35.821830396598,0.801783476792129
11.509,-35.8184237307047,0.814173391659065
11.534,-35.7970532126119,0.825453495040393
11.559,-35.7712788083195,0.83553430016523
11.584,-35.7599776405608,0.844980394073978
11.609,-35.7816162691592,0.854483443991265
11.634,-35.8462050246261,0.864028095624736
11.658,-35.9496069481484,0.873025062392571
11.683,-36.0744380821417,0.881270104289663
11.708,-36.1973275122914,0.889568825091236
11.733,-36.2981838641617,0.898850822527029
11.758,-36.3658224246977,0.908998891071135
11.783,-36.3976871048865,0.919140305994242
11.808,-36.3969429849102,0.928634602885167
11.833,-36.3704905025868,0.93716022843032
11.858,-36.3276173961595,0.94413764954693
11.883,-36.2779477849794,0.949117644036037
11.908,-36.2289507688795,0.952387056933567
11.933,-36.1839999918692,0.954285668418609
11.958,-36.1421307346799,0.955117693731049
11.983,-36.0995382409256,0.956377387537194
12.008,-36.0506727862969,0.960470537936752
12.105,-35.989417766005,0.968692876325675
12.13,-35.9125484184373,0.980515182272428
12.155,-35.8222326520707,0.994527673567414
12.18,-35.7250783072505,1.00908066419831
12.204,-35.6315510390219,1.02281363079722
12.229,-35.5562691129416,1.03506345538564
12.254,-35.5142720915866,1.04518737950502
12.279,-35.5129432915482,1.05238823693121
12.304,-35.5461885061313,1.05656755535052
12.329,-35.5967729903291,1.05822165645834
12.354,-35.6444888265947,1.05790330789519
12.379,-35.6727720169592,1.05649852951676
12.404,-35.6718887073661,1.05532585797959
12.429,-35.6410883717469,1.05562850779961
12.454,-35.588737597075,1.05776769283794
12.479,-35.528372530908,1.06063035003562
12.504,-35.4727060613019,1.06266172473118
12.529,-35.4296280746605,1.06356988129517
12.554,-35.4010320211872,1.06424670839135
12.579,-35.3846237522465,1.06562523753057
12.604,-35.37964112209,1.06797095124837
12.629,-35.3909944622812,1.07089081817114
12.654,-35.4245977741288,1.07437618778732
12.679,-35.4779887385959,1.07917041427366
12.704,-35.5376837555274,1.08516269948886
12.729,-35.5878265504798,1.09067358385493
12.754,-35.6211969374814,1.09426884237899
12.779,-35.6398884628518,1.09626188332504
12.804,-35.648059014696,1.09794180869667
12.828,-35.6490172035308,1.10021539368075
12.853,-35.6484829206347,1.10337414252547
12.878,-35.6554461198032,1.1075824933743
12.903,-35.6744357702444,1.11319907131459
12.928,-35.6955702378258,1.12049888594605
12.953,-35.6945156043269,1.12903329110651
12.978,-35.6442967764199,1.13766076191505
13.003,-35.530979293015,1.1455894465696
13.099,-35.3639753539606,1.15300871862707
13.124,-35.1754902804518,1.16047880318175
13.149,-35.0081265417967,1.16822322404653
13.174,-34.8946342950092,1.17592698200476
13.199,-34.8411768313897,1.1829306574999
13.224,-34.825738554729,1.1890021718775
13.249,-34.8128893564698,1.19467626445504
13.274,-34.7768933224704,1.20051131423497
13.299,-34.7196039066811,1.20666769153605
13.324,-34.6698699024839,1.21328645867792
13.348,-34.6643650984318,1.22030605553943
13.373,-34.7241357390468,1.22668621117495
13.398,-34.8417778213567,1.23093713140612
13.423,-34.9836515874341,1.23284826329404
13.448,-35.1033165605619,1.23368306404371
13.473,-35.1618083969648,1.234716437298
13.498,-35.1465217066646,1.23672155695317
13.523,-35.0778123987315,1.24023750685127
13.548,-35.0014552433051,1.244925611136
13.573,-34.970722521625,1.24913353038488
13.598,-35.0236169095179,1.25116518357029
13.623,-35.1670946210232,1.25073841955921
13.648,-35.3758974373751,1.248739769004
13.673,-35.6016070506563,1.24641687243859
13.698,-35.7863849527048,1.24523515443494
13.723,-35.8804253729956,1.24639770456884
13.748,-35.8591066941309,1.25030827897993
13.773,-35.7308542772873,1.25696998430811
13.798,-35.5321437995798,1.26605588902849
13.823,-35.3159740155748,1.27614876331642
13.848,-35.1397128125218,1.28510442636986
13.873,-35.0516579656166,1.29186683668825
13.898,-35.0780721322012,1.29693278664242
13.923,-35.2176579818683,1.30082885536907
13.948,-35.445325247348,1.30366754601838
13.972,-35.7191719750822,1.30613672060828
13.997,-35.9857262828783,1.3093240961893
14.022,-36.1883923027127,1.31365676106967
14.119,-36.2864743446984,1.31883046692692
14.144,-36.2767584652126,1.32438403982593
14.169,-36.1995683602378,1.3301172542229
14.194,-36.122615524758,1.33603290435785
14.219,-36.1124431299989,1.34146871999457
14.244,-36.2105165492653,1.34488405127232
14.269,-36.4254306542848,1.34534080053228
14.294,-36.7403839791892,1.34340573993307
14.319,-37.1278807273327,1.34025940746129
14.344,-37.5616983297593,1.3368861175897
14.369,-38.017050941225,1.33425547094432
14.394,-38.4597783712078,1.33369950730461
14.419,-38.8389789075063,1.33637737442953
14.444,-39.09530476972,1.34187127321901
14.469,-39.1799055385694,1.34840136321025
14.494,-39.0695358390877,1.35511118184503
14.518,-38.7700975130459,1.36241343140196
14.543,-38.3105848205546,1.36973407457212
14.568,-37.7327677862039,1.37516794263574
14.593,-37.0821540065038,1.37757428451447
14.618,-36.403789107193,1.37726220755319
14.643,-35.7410823281807,1.3748997069998
14.668,-35.1322523932749,1.37141059512258
14.693,-34.6022209151102,1.36859628984948
14.718,-34.1541458780409,1.36843492631469
14.743,-33.7667567726076,1.37184905393398
14.768,-33.4012147734699,1.37825592336052
14.793,-33.0173265207798,1.38576629250989
14.818,-32.590664882841,1.39226029255598
14.843,-32.1182636359414,1.39695037898162
14.868,-31.6126466102352,1.40046285984754
14.893,-31.0949520135627,1.40330516030438
14.918,-30.5934197419133,1.4054551244369
14.943,-30.1455539834672,1.40740487572293
14.968,-29.7996937731113,1.40987051699729
14.993,-29.6127548677268,1.41250329567433
15.018,-29.6411518102606,1.41454369183238
15.115,-29.9232244071794,1.41636407257038
15.14,-30.4616997468947,1.41893270714645
15.165,-31.2211682268072,1.42236017053132
15.19,-32.1424646361279,1.42567907826812
15.215,-33.1616033439779,1.42760355107734
15.24,-34.2231394582584,1.42774375254672
15.265,-35.2860587264842,1.42697324612982
15.29,-36.324158220019,1.42631314181618
15.315,-37.3231133438308,1.42633862203095
15.34,-38.2762671948286,1.42725566237244
15.365,-39.1812573016091,1.42874610130361
15.39,-40.0385654494884,1.43071578421838
15.415,-40.8512895535079,1.43381159949773
15.44,-41.6244744258893,1.43799193606982
15.465,-42.363635341347,1.44185208862657
15.49,-43.0737210138748,1.44434769142236
15.515,-43.7589684891404,1.4455287514211
15.54,-44.4229112227832,1.44533453297403
15.565,-45.0680348698618,1.44376539083993
15.59,-45.6951823976181,1.44193108623282
15.615,-46.3024548725506,1.44144705010727
15.64,-46.8825420893059,1.44332577351648
15.665,-47.4189320856395,1.44745482083156
15.69,-47.8844748789964,1.45239665538779
15.714,-48.2455486289331,1.45634139787257
15.739,-48.470296837636,1.45887498414843
15.764,-48.535723393323,1.46123485623313
15.789,-48.4308230078434,1.4643100262598
15.814,-48.1566056587079,1.4668457985927
15.839,-47.7240719980407,1.46658831665919
15.864,-47.1506692298675,1.46302326193401
15.889,-46.4562453257123,1.45822718883465
15.914,-45.6598045903992,1.45522985570409
15.939,-44.778127039311,1.45561676407792
15.964,-43.826769393551,1.4584960317266
15.989,-42.8232549246496,1.46193074028009
16.014,-41.7918191524034,1.4651922862093
16.11,-40.764438790478,1.46914478303908
16.135,-39.7703067569449,1.47457954791442
16.16,-38.8225447019623,1.48078687690138
16.185,-37.9206956879597,1.48591672513604
16.21,-37.0652835876321,1.48861540071717
16.234,-36.2661947180588,1.48905897033337
16.259,-35.5384175768217,1.48808700964781
16.284,-34.8899014226858,1.48601419827759
16.309,-34.3092420883362,1.48301649052806
16.334,-33.7614105695738,1.47985594301668
16.359,-33.1964145068792,1.47770288302432
16.384,-32.5674884240133,1.4777082930113
16.409,-31.848830023207,1.48026794312011
16.434,-31.044200538065,1.48434721698005
16.459,-30.1844274665814,1.48827830577036
16.484,-29.3183157719228,1.49137034820845
16.509,-28.5032005971819,1.49416989258157
16.534,-27.7983127304321,1.49734930554253
16.559,-27.2597852546396,1.50102146885265
16.584,-26.9325533736863,1.5046761376826
16.609,-26.8346575354118,1.50734889030351
16.634,-26.9372083098238,1.50849457920091
16.659,-27.1561573331033,1.5084899374995
16.684,-27.3760025797771,1.50814477580178
16.709,-27.5012297416214,1.50848809410599
16.734,-27.4961660232507,1.51047367029201
16.759,-27.381968147723,1.51444960823944
16.784,-27.2063402454235,1.52028450381587
16.809,-27.0194990838026,1.5271738435664
16.834,-26.8673985108159,1.53332120193415
16.858,-26.7926865371677,1.5369649230572
16.883,-26.8305764859525,1.53740032230386
16.908,-26.9977215530523,1.53503852510745
16.933,-27.2822891980841,1.53153592499738
16.958,-27.6397431658283,1.52901749337492
16.983,-27.9956124892785,1.52843484898891
17.008,-28.2602344813556,1.52967297983698
17.105,-28.3543318683735,1.53244575891391
17.13,-28.2301353385307,1.53611383629784
17.155,-27.8787974112065,1.53991336515535
17.18,-27.3306781946103,1.54355587741341
17.205,-26.6527387887285,1.54712373597503
17.23,-25.9416765145864,1.55108182877515
17.255,-25.3106695124322,1.55586085500281
17.28,-24.8682303574106,1.56072445982197
17.305,-24.696491343464,1.56413768584991
17.33,-24.8419891025737,1.56508377421206
17.355,-25.3213582051416,1.56332344697195
17.38,-26.1236785596764,1.55953574287
17.404,-27.1940234447402,1.55531507342935
17.429,-28.4211612816443,1.55211136200327
17.454,-29.659516664116,1.55039155682835
17.479,-30.7715462428621,1.54976665510116
17.504,-31.6573200798174,1.54946159127616
17.529,-32.2595807240551,1.54889061371634
17.554,-32.5538742924013,1.54815955929009
17.579,-32.5402223398068,1.54803597006696
17.604,-32.2440051184524,1.54911749791268
17.629,-31.7193057651104,1.55102940563199
17.654,-31.0466485454401,1.55290618951322
17.679,-30.3235412744714,1.55442037240024
17.704,-29.6474501417921,1.5558661805155
17.729,-29.097005756193,1.55773427717035
17.754,-28.7251846108644,1.56054577940224
17.779,-28.5654520493617,1.56447683940795
17.804,-28.6326045763602,1.56897953588105
17.829,-28.9096125255858,1.57306280466026
17.854,-29.3373776747095,1.57576515397461
17.879,-29.8242972399281,1.57680897158782
17.904,-30.2696495471546,1.57692000092832
17.929,-30.5845048776958,1.57667538492638
17.954,-30.7047191098798,1.57592614366269
17.979,-30.6015097034706,1.575154139211
18.004,-30.2901728596722,1.57580422413964
18.1,-29.8286723969153,1.57872775305035
18.125,-29.3032515069739,1.58336455917079
18.15,-28.8083940547174,1.58821368001186
18.175,-28.4299913131833,1.5915919306775
18.2,-28.2321652326049,1.59273485237574
18.225,-28.2406182078225,1.59240366606173
18.25,-28.4273180314589,1.59181191424191
18.275,-28.7135182416842,1.59127617168168
18.3,-28.9941600329394,1.59030351577654
18.325,-29.1672839302553,1.58852311821059
18.35,-29.1550436623818,1.58616605611918
18.375,-28.9190364855376,1.58398415968933
18.4,-28.4721423604416,1.58320259611506
18.425,-27.8779736424798,1.58472743223719
18.45,-27.2329014440781,1.58789186676362
18.475,-26.6388595099508,1.59117201575475
18.5,-26.1821329522684,1.59373627343317
18.525,-25.9235522914469,1.59534798628737
18.55,-25.8889254862152,1.59606635157123
18.574,-26.0556323464111,1.59634274540524
18.599,-26.3502986243309,1.59658967926372
18.624,-26.6672777066571,1.59732715588177
18.649,-26.8980870390565,1.59932474204223
18.674,-26.9579751345386,1.60251079832437
18.699,-26.805939599933,1.60564853925839
18.724,-26.4560784827249,1.60729410299797
18.749,-25.9733331057293,1.60663810660793
18.774,-25.4525806124783,1.60417964438112
18.799,-24.9915831036922,1.60141217424666
18.824,-24.6712231967708,1.59944994633729
18.849,-24.5436975360759,1.59863521259159
18.874,-24.6196552722277,1.59897536340221
18.899,-24.8588972465301,1.60004346500582
18.924,-25.1796491047702,1.60098898526083
18.949,-25.4860997209946,1.6010857862229
18.974,-25.6973079432726,1.60025769805295
18.999,-25.7660219694673,1.59892486769672
19.024,-25.688508155634,1.59721991078995
19.119,-25.5050739880377,1.59533253128016
19.144,-25.288414390197,1.59439973823254
19.169,-25.1236317235138,1.59529446627269
19.194,-25.0848646061513,1.59729117331534
19.219,-25.209598414001,1.59939395875648
19.244,-25.4785971386449,1.60151621832735
19.269,-25.8175033098265,1.60351117303113
19.294,-26.1232692590436,1.60481052181167
19.319,-26.2982161617012,1.60511476556872
19.344,-26.2762040087819,1.6042896638718
19.369,-26.0401133734052,1.60244566524401
19.394,-25.6297724289555,1.60045948266746
19.419,-25.1328171475497,1.59945040515921
19.444,-24.6587477661504,1.59987449795393
19.469,-24.3083216902108,1.60115530378624
19.494,-24.1491717036287,1.60168192684144
19.519,-24.1990486685506,1.59990463222289
19.544,-24.4186941287473,1.59618636042581
19.569,-24.7226209704844,1.59281962732579
19.594,-25.006886039239,1.59175751300798
19.619,-25.1782091452065,1.593084177291
19.644,-25.1728440373127,1.59570180435435
19.669,-24.968271353125,1.59835082442048
19.694,-24.5901208765091,1.60003092293489
19.718,-24.1071244866786,1.60065819777451
19.743,-23.610862411812,1.60118409089517
19.768,-23.1899622534091,1.60226551481913
19.793,-22.9118031007085,1.60322133222735
19.818,-22.8121582103824,1.60279453937595
19.843,-22.8858516764277,1.60061568057852
19.868,-23.0839886909558,1.5978067228767
19.893,-23.327977192597,1.59624127440655
19.918,-23.5344012179326,1.59721032813892
19.943,-23.6375350226597,1.60093416548782
19.968,-23.6071671260834,1.60674679897143
19.993,-23.4607314230776,1.61313726901688
20.018,-23.2583515174593,1.61827967945664
20.115,-23.0786455644936,1.62101818771233
20.14,-22.9931990217025,1.6211091547547
20.165,-23.0471272371961,1.6188919280372
20.19,-23.2392810141707,1.61550742009525
20.215,-23.5136636501012,1.61293501636169
20.24,-23.7766761940472,1.6127284521757
20.264,-23.9316260722749,1.61477827155175
20.289,-23.914709131548,1.61750120567821
20.314,-23.7208826549854,1.61906225601909
20.339,-23.407822674743,1.61874276290212
20.364,-23.0741078898688,1.61750005841827
20.389,-22.8249094451603,1.61716780064058
20.414,-22.7418444186571,1.61895923687419
20.439,-22.8596873533079,1.62250392605086
20.464,-23.1515649682689,1.62608252961953
20.489,-23.5348808859474,1.62796100320954
20.514,-23.9005339902197,1.62769805827419
20.539,-24.15045924662,1.62608425836208
20.564,-24.2286575570658,1.62409356272388
20.589,-24.1377650516955,1.62221125883326
20.614,-23.9352142794637,1.62074225616198
20.639,-23.7099411235116,1.62033662489226
20.664,-23.5521639719927,1.62139771194383
20.689,-23.5264289124776,1.62323629082993
20.714,-23.6500609557237,1.62474886298978
20.739,-23.8846672589774,1.62537014270214
20.764,-24.1500261379589,1.62486716435093
20.789,-24.3534525066597,1.62325025432299
20.814,-24.418939180311,1.62111435131765
20.839,-24.3106269334767,1.61948591175891
20.864,-24.0464736848106,1.61944772578722
20.888,-23.6908177985404,1.62152597132857
20.913,-23.327182119291,1.62487895588331
20.938,-23.0273916243042,1.62768822190107
20.963,-22.8254227025754,1.62895415377267
20.988,-22.7022450575876,1.62938935805497
21.013,-22.5980762097276,1.63009641959135
21.11,-22.4509292227972,1.63122550598478
21.135,-22.2315724651008,1.63247574538596
21.16,-21.9552049728843,1.63381547134886
21.185,-21.6734772470867,1.63524247224763
21.21,-21.4536215910969,1.6366581342297
21.235,-21.3522265909188,1.63775673847054
21.26,-21.39172536223,1.63794604392114
21.285,-21.5474642525228,1.63712064719686
21.31,-21.7543192419388,1.63603471001493
21.335,-21.929724367055,1.63574170583839
21.36,-22.0003120610285,1.6370426998287
21.385,-21.927105220207,1.63979499617225
21.41,-21.7234668218796,1.64278345463256
21.434,-21.451555065967,1.6449956520003
21.459,-21.1965846599314,1.64634149267497
21.484,-21.0352892670983,1.64675293122757
21.509,-21.0087576411425,1.64583136428805
21.534,-21.1056240924613,1.64336135532136
21.559,-21.2662398490754,1.63953625473958
21.584,-21.4070700339854,1.63525552062442
21.609,-21.4522565399397,1.63203660215375
21.634,-21.3627686276232,1.63118109134411
21.659,-21.1531273423417,1.63294900746424
21.684,-20.8839611616805,1.63621277068199
21.709,-20.6343304043465,1.63930302250965
21.734,-20.4718133965075,1.64150920578962
21.759,-20.4295401659259,1.64308221487542
21.784,-20.4930117742242,1.64388624467894
21.809,-20.6062880900744,1.6431333437593
21.834,-20.6967225961823,1.64063382696254
21.859,-20.7030125761168,1.63748590238772
21.884,-20.5979993638207,1.63499771800821
21.909,-20.3995767962001,1.63369422851066
21.934,-20.158632980048,1.63396325387328
21.959,-19.9280945856218,1.63638344261825
21.984,-19.7336359242326,1.64097545593949
22.009,-19.5633309972844,1.64714808502834
22.107,-19.381825975362,1.65423018156455
22.132,-19.1571984679614,1.66162064578093
22.157,-18.8815200402339,1.6685072937007
22.182,-18.578511164374,1.67364915806696
22.207,-18.2967301561943,1.67592477566546
22.232,-18.0904120368734,1.67519969941035
22.257,-17.9975951389902,1.67258735968089
22.282,-18.0222067282609,1.66969614104846
22.307,-18.1268613063552,1.66712951894155
22.332,-18.2440189374836,1.66430343115126
22.357,-18.3026806842774,1.66126215065553
22.382,-18.2586843332331,1.65918382500973
22.407,-18.1137154607714,1.65848715493519
22.432,-17.9114324582983,1.65800362458773
22.457,-17.7150818900224,1.656636370524
22.482,-17.5820089667222,1.65484286884127
22.507,-17.5430543206284,1.65393186211862
22.532,-17.5902684941553,1.6543132322749
22.557,-17.6789607407468,1.65496115954221
22.582,-17.7454577886781,1.65472698457726
22.607,-17.7357333748412,1.65362691445531
22.632,-17.6318546885585,1.65263939280152
22.656,-17.4577478617531,1.65291998780193
22.681,-17.2633213321576,1.65509103910303
22.706,-17.102855075103,1.65847592593206
22.731,-17.0146149375822,1.66129390704927
22.756,-17.0046308061437,1.66230347950482
22.781,-17.0451159770073,1.66158327881569
22.806,-17.0886759348964,1.65956447614471
22.831,-17.0886607088409,1.65685522804031
22.856,-17.0195706558937,1.65466434282051
22.881,-16.8887432432267,1.65387181371646
22.906,-16.7309490408205,1.65431249602789
22.931,-16.5912962329827,1.65547055905353
22.956,-16.5039328970012,1.65684407199228
22.981,-16.4722309454719,1.65777400163369
23.006,-16.4648161469374,1.65815293254237
23.102,-16.4339124836478,1.65890985310434
23.127,-16.3418942769971,1.66095753900875
23.152,-16.1800079532677,1.66421799846885
23.176,-15.9719138765319,1.66780832657769
23.201,-15.7625412143866,1.67072296898009
23.226,-15.6004302648219,1.67244657848518
23.251,-15.518537860833,1.67284917205085
23.276,-15.5178147828586,1.67173929127491
23.301,-15.5655707768932,1.66931692958186
23.326,-15.6110507240534,1.66675948183045
23.351,-15.6081299028263,1.66554206565705
23.376,-15.537054388765,1.6660830248315
23.401,-15.4151084931161,1.6671391313169
23.426,-15.288049345934,1.66673469918417
23.451,-15.209969160942,1.66410057433332
23.476,-15.2235116766905,1.66058488084175
23.501,-15.3439787996265,1.65843347359906
23.526,-15.552142710231,1.65926090761415
23.551,-15.8018554115593,1.66350487824376
23.576,-16.0395982753974,1.67010942140854
23.601,-16.2284206804752,1.67678443552575
23.626,-16.3667748178223,1.6815119213044
23.651,-16.4883307727996,1.68360795622325
23.676,-16.6398094534156,1.6829382222451
23.701,-16.8540687240011,1.67943893435428
23.726,-17.1333981682953,1.67415547163799
23.751,-17.4455347466062,1.66924927283511
23.776,-17.7345955377112,1.66641324691679
23.8,-17.9433864666679,1.66604457989522
23.825,-18.0356195638128,1.66758863318172
23.85,-18.0101945948034,1.6699063959841
23.875,-17.9007809928141,1.67173090741005
23.9,-17.7580761054448,1.67214180273187
23.925,-17.6252469081167,1.67060026364536
23.95,-17.5177797592505,1.66732088462468
23.975,-17.4144679282956,1.66364587222628
24,-17.2709379387256,1.66120436557854
24.097,-17.0547457914992,1.66073043343141
24.122,-16.7728570627775,1.66177859381167
24.147,-16.4681896116697,1.66323247891039
24.172,-16.1982170400692,1.66411126453619
24.197,-16.0158209461248,1.66417134134491
24.222,-15.9522332914267,1.66392712917423
24.247,-16.0026459840631,1.66409909471132
24.272,-16.1264188473999,1.66467840022402
24.297,-16.2626494741692,1.66475405841369
24.322,-16.3509936093884,1.66391303279751
24.346,-16.3533255842565,1.66303491011184
24.371,-16.2693630730357,1.66319425049159
24.396,-16.135101276658,1.66469558299347
24.421,-16.0055450881637,1.66716174555812
24.446,-15.9323235110439,1.67008497878441
24.471,-15.9428551719555,1.67346187534446
24.496,-16.0280490806647,1.67752062753462
24.521,-16.1455367393187,1.68171954445173
24.546,-16.23812254323,1.68474036660152
24.571,-16.2615695450187,1.68541818367871
24.596,-16.208723020741,1.68371128475976
24.621,-16.1137110877469,1.68107029534312
24.646,-16.0345124201747,1.6793106080338
24.671,-16.026296171576,1.67924261349678
24.696,-16.1153953086598,1.68063501528846
24.721,-16.2839055661252,1.68287551532733
24.746,-16.4773644313295,1.68569412708412
24.771,-16.6323911178748,1.68932093216397
24.796,-16.7067313583826,1.69370414271966
24.821,-16.696382447174,1.69813957593632
24.846,-16.6324691446425,1.70188244042774
24.871,-16.5624673327158,1.70448894707393
24.896,-16.524915656897,1.70584567896348
24.921,-16.5278739600557,1.70674501518798
24.946,-16.546711543861,1.70881847903049
24.97,-16.5438788382642,1.71293357012739
24.995,-16.4941935659802,1.71812328427444
25.02,-16.3973381467745,1.72240063578896
25.119,-16.2685730751543,1.72448769309621
25.144,-16.1178223611263,1.72483833487891
25.169,-15.9404017232234,1.7248223016969
25.194,-15.728818297873,1.7253741559057
25.219,-15.4906790252841,1.72666017412721
25.244,-15.2526090131678,1.72821988083946
25.269,-15.0441167201128,1.72915462042531
25.294,-14.8737522992702,1.72832854553539
25.319,-14.7201182650762,1.72497631240593
25.344,-14.5463204519297,1.71996342295364
25.369,-14.3240891019134,1.71578304707573
25.394,-14.0505436386162,1.71449764159316
25.419,-13.7492149865954,1.71622206777442
25.444,-13.4537481967453,1.71973698158726
25.469,-13.1829259469799,1.72384644048469
25.494,-12.9267931683196,1.72775630293004
25.519,-12.6548667603513,1.73066199680953
25.544,-12.337078721615,1.73176922875354
25.568,-11.9623204764026,1.73064520511749
25.593,-11.5449736105012,1.72748038553325
25.618,-11.1151445770293,1.72302742453317
25.643,-10.6970457328297,1.71805682209202
25.668,-10.2916627684222,1.71341295647551
25.693,-9.87768829170906,1.71014387300222
25.717,-9.42716959355479,1.70865162181336
25.741,-8.92142786799685,1.70870426093849
25.765,-8.35952071349092,1.71063437840022
25.789,-7.76169674186786,1.71545479892172
25.813,-7.16752750202401,1.72340375038117
25.837,-6.62373406397288,1.7328091604682
25.861,-6.16512799315172,1.74090647241665
25.885,-5.79964467089404,1.74553207082508
25.909,-5.50399166302235,1.7456937309125
25.932,-5.23155284113889,1.74122812170796
25.956,-4.93205714819502,1.73291897101653
25.98,-4.57551110586653,1.72309427786302
26.004,-4.16885287398561,1.71494645516353
26.101,-3.75435650063013,1.71034602857371
26.125,-3.38118591241512,1.70890912134044
26.149,-3.06706469703926,1.70925049812781
26.173,-2.78725268724357,1.71028504902263
26.197,-2.49643563259254,1.71152781646136
26.221,-2.15574756964557,1.71295430206551
26.244,-1.74621859862158,1.71478344727501
26.268,-1.27040369723225,1.71694219933987
26.292,-0.748613197308337,1.71820924217101
26.316,-0.209483426193769,1.71642696952683
26.34,0.323994012236712,1.71038624694235
26.363,0.842781818660814,1.70127248174701
